Series_Title,Genre,IMDB_Rating,Director,Star1,Star2
The Shawshank Redemption,Drama,9.3,Frank Darabont,Tim Robbins,Morgan Freeman
The Godfather,"Crime, Drama",9.2,Francis Ford Coppola,Marlon Brando,Al Pacino
The Dark Knight,"Action, Crime, Drama",9,Christopher Nolan,Christian Bale,Heath Ledger
The Godfather: Part II,"Crime, Drama",9,Francis Ford Coppola,Al Pacino,Robert De Niro
12 Angry Men,"Crime, Drama",9,Sidney Lumet,Henry Fonda,Lee J. Cobb
The Lord of the Rings: The Return of the King,"Action, Adventure, Drama",8.9,Peter Jackson,Elijah Wood,Viggo Mortensen
Pulp Fiction,"Crime, Drama",8.9,Quentin Tarantino,John Travolta,Uma Thurman
Schindler's List,"Biography, Drama, History",8.9,Steven Spielberg,Liam Neeson,Ralph Fiennes
Inception,"Action, Adventure, Sci-Fi",8.8,Christopher Nolan,Leonardo DiCaprio,Joseph Gordon-Levitt
Fight Club,Drama,8.8,David Fincher,Brad Pitt,Edward Norton
The Lord of the Rings: The Fellowship of the Ring,"Action, Adventure, Drama",8.8,Peter Jackson,Elijah Wood,Ian McKellen
Forrest Gump,"Drama, Romance",8.8,Robert Zemeckis,Tom Hanks,Robin Wright
"Il buono, il brutto, il cattivo",Western,8.8,Sergio Leone,Clint Eastwood,Eli Wallach
The Lord of the Rings: The Two Towers,"Action, Adventure, Drama",8.7,Peter Jackson,Elijah Wood,Ian McKellen
The Matrix,"Action, Sci-Fi",8.7,Lana Wachowski,Lilly Wachowski,Keanu Reeves
Goodfellas,"Biography, Crime, Drama",8.7,Martin Scorsese,Robert De Niro,Ray Liotta
Star Wars: Episode V - The Empire Strikes Back,"Action, Adventure, Fantasy",8.7,Irvin Kershner,Mark Hamill,Harrison Ford
One Flew Over the Cuckoo's Nest,Drama,8.7,Milos Forman,Jack Nicholson,Louise Fletcher
Hamilton,"Biography, Drama, History",8.6,Thomas Kail,Lin-Manuel Miranda,Phillipa Soo
Gisaengchung,"Comedy, Drama, Thriller",8.6,Bong Joon Ho,Kang-ho Song,Lee Sun-kyun
Soorarai Pottru,Drama,8.6,Sudha Kongara,Suriya,Madhavan
Interstellar,"Adventure, Drama, Sci-Fi",8.6,Christopher Nolan,Matthew McConaughey,Anne Hathaway
Cidade de Deus,"Crime, Drama",8.6,Fernando Meirelles,Kátia Lund,Alexandre Rodrigues
Sen to Chihiro no kamikakushi,"Animation, Adventure, Family",8.6,Hayao Miyazaki,Daveigh Chase,Suzanne Pleshette
Saving Private Ryan,"Drama, War",8.6,Steven Spielberg,Tom Hanks,Matt Damon
The Green Mile,"Crime, Drama, Fantasy",8.6,Frank Darabont,Tom Hanks,Michael Clarke Duncan
La vita è bella,"Comedy, Drama, Romance",8.6,Roberto Benigni,Roberto Benigni,Nicoletta Braschi
Se7en,"Crime, Drama, Mystery",8.6,David Fincher,Morgan Freeman,Brad Pitt
The Silence of the Lambs,"Crime, Drama, Thriller",8.6,Jonathan Demme,Jodie Foster,Anthony Hopkins
Star Wars,"Action, Adventure, Fantasy",8.6,George Lucas,Mark Hamill,Harrison Ford
Seppuku,"Action, Drama, Mystery",8.6,Masaki Kobayashi,Tatsuya Nakadai,Akira Ishihama
Shichinin no samurai,"Action, Adventure, Drama",8.6,Akira Kurosawa,Toshirô Mifune,Takashi Shimura
It's a Wonderful Life,"Drama, Family, Fantasy",8.6,Frank Capra,James Stewart,Donna Reed
Joker,"Crime, Drama, Thriller",8.5,Todd Phillips,Joaquin Phoenix,Robert De Niro
Whiplash,"Drama, Music",8.5,Damien Chazelle,Miles Teller,J.K. Simmons
The Intouchables,"Biography, Comedy, Drama",8.5,Olivier Nakache,Éric Toledano,François Cluzet
The Prestige,"Drama, Mystery, Sci-Fi",8.5,Christopher Nolan,Christian Bale,Hugh Jackman
The Departed,"Crime, Drama, Thriller",8.5,Martin Scorsese,Leonardo DiCaprio,Matt Damon
The Pianist,"Biography, Drama, Music",8.5,Roman Polanski,Adrien Brody,Thomas Kretschmann
Gladiator,"Action, Adventure, Drama",8.5,Ridley Scott,Russell Crowe,Joaquin Phoenix
American History X,Drama,8.5,Tony Kaye,Edward Norton,Edward Furlong
The Usual Suspects,"Crime, Mystery, Thriller",8.5,Bryan Singer,Kevin Spacey,Gabriel Byrne
Léon,"Action, Crime, Drama",8.5,Luc Besson,Jean Reno,Gary Oldman
The Lion King,"Animation, Adventure, Drama",8.5,Roger Allers,Rob Minkoff,Matthew Broderick
Terminator 2: Judgment Day,"Action, Sci-Fi",8.5,James Cameron,Arnold Schwarzenegger,Linda Hamilton
Nuovo Cinema Paradiso,"Drama, Romance",8.5,Giuseppe Tornatore,Philippe Noiret,Enzo Cannavale
Hotaru no haka,"Animation, Drama, War",8.5,Isao Takahata,Tsutomu Tatsumi,Ayano Shiraishi
Back to the Future,"Adventure, Comedy, Sci-Fi",8.5,Robert Zemeckis,Michael J. Fox,Christopher Lloyd
Once Upon a Time in the West,Western,8.5,Sergio Leone,Henry Fonda,Charles Bronson
Psycho,"Horror, Mystery, Thriller",8.5,Alfred Hitchcock,Anthony Perkins,Janet Leigh
Casablanca,"Drama, Romance, War",8.5,Michael Curtiz,Humphrey Bogart,Ingrid Bergman
Modern Times,"Comedy, Drama, Family",8.5,Charles Chaplin,Charles Chaplin,Paulette Goddard
City Lights,"Comedy, Drama, Romance",8.5,Charles Chaplin,Charles Chaplin,Virginia Cherrill
Capharnaüm,Drama,8.4,Nadine Labaki,Zain Al Rafeea,Yordanos Shiferaw
Ayla: The Daughter of War,"Biography, Drama, History",8.4,Can Ulkay,Erdem Can,Çetin Tekindor
Vikram Vedha,"Action, Crime, Drama",8.4,Gayatri,Pushkar,Madhavan
Kimi no na wa.,"Animation, Drama, Fantasy",8.4,Makoto Shinkai,Ryûnosuke Kamiki,Mone Kamishiraishi
Dangal,"Action, Biography, Drama",8.4,Nitesh Tiwari,Aamir Khan,Sakshi Tanwar
Spider-Man: Into the Spider-Verse,"Animation, Action, Adventure",8.4,Bob Persichetti,Peter Ramsey,Rodney Rothman
Avengers: Endgame,"Action, Adventure, Drama",8.4,Anthony Russo,Joe Russo,Robert Downey Jr.
Avengers: Infinity War,"Action, Adventure, Sci-Fi",8.4,Anthony Russo,Joe Russo,Robert Downey Jr.
Coco,"Animation, Adventure, Family",8.4,Lee Unkrich,Adrian Molina,Anthony Gonzalez
Django Unchained,"Drama, Western",8.4,Quentin Tarantino,Jamie Foxx,Christoph Waltz
The Dark Knight Rises,"Action, Adventure",8.4,Christopher Nolan,Christian Bale,Tom Hardy
3 Idiots,"Comedy, Drama",8.4,Rajkumar Hirani,Aamir Khan,Madhavan
Taare Zameen Par,"Drama, Family",8.4,Aamir Khan,Amole Gupte,Darsheel Safary
WALL·E,"Animation, Adventure, Family",8.4,Andrew Stanton,Ben Burtt,Elissa Knight
The Lives of Others,"Drama, Mystery, Thriller",8.4,Florian Henckel von Donnersmarck,Ulrich Mühe,Martina Gedeck
Oldeuboi,"Action, Drama, Mystery",8.4,Chan-wook Park,Choi Min-sik,Yoo Ji-Tae
Memento,"Mystery, Thriller",8.4,Christopher Nolan,Guy Pearce,Carrie-Anne Moss
Mononoke-hime,"Animation, Action, Adventure",8.4,Hayao Miyazaki,Yôji Matsuda,Yuriko Ishida
Once Upon a Time in America,"Crime, Drama",8.4,Sergio Leone,Robert De Niro,James Woods
Raiders of the Lost Ark,"Action, Adventure",8.4,Steven Spielberg,Harrison Ford,Karen Allen
The Shining,"Drama, Horror",8.4,Stanley Kubrick,Jack Nicholson,Shelley Duvall
Apocalypse Now,"Drama, Mystery, War",8.4,Francis Ford Coppola,Martin Sheen,Marlon Brando
Alien,"Horror, Sci-Fi",8.4,Ridley Scott,Sigourney Weaver,Tom Skerritt
Anand,"Drama, Musical",8.4,Hrishikesh Mukherjee,Rajesh Khanna,Amitabh Bachchan
Tengoku to jigoku,"Crime, Drama, Mystery",8.4,Akira Kurosawa,Toshirô Mifune,Yutaka Sada
Dr. Strangelove or: How I Learned to Stop Worrying and Love the Bomb,Comedy,8.4,Stanley Kubrick,Peter Sellers,George C. Scott
Witness for the Prosecution,"Crime, Drama, Mystery",8.4,Billy Wilder,Tyrone Power,Marlene Dietrich
Paths of Glory,"Drama, War",8.4,Stanley Kubrick,Kirk Douglas,Ralph Meeker
Rear Window,"Mystery, Thriller",8.4,Alfred Hitchcock,James Stewart,Grace Kelly
Sunset Blvd.,"Drama, Film-Noir",8.4,Billy Wilder,William Holden,Gloria Swanson
The Great Dictator,"Comedy, Drama, War",8.4,Charles Chaplin,Charles Chaplin,Paulette Goddard
1917,"Drama, Thriller, War",8.3,Sam Mendes,Dean-Charles Chapman,George MacKay
Tumbbad,"Drama, Fantasy, Horror",8.3,Rahi Anil Barve,Anand Gandhi,Adesh Prasad
Andhadhun,"Crime, Drama, Music",8.3,Sriram Raghavan,Ayushmann Khurrana,Tabu
Drishyam,"Crime, Drama, Thriller",8.3,Jeethu Joseph,Mohanlal,Meena
Jagten,Drama,8.3,Thomas Vinterberg,Mads Mikkelsen,Thomas Bo Larsen
Jodaeiye Nader az Simin,Drama,8.3,Asghar Farhadi,Payman Maadi,Leila Hatami
Incendies,"Drama, Mystery, War",8.3,Denis Villeneuve,Lubna Azabal,Mélissa Désormeaux-Poulin
Miracle in cell NO.7,Drama,8.3,Mehmet Ada Öztekin,Aras Bulut Iynemli,Nisa Sofiya Aksongur
Babam ve Oglum,"Drama, Family",8.3,Çagan Irmak,Çetin Tekindor,Fikret Kuskan
Inglourious Basterds,"Adventure, Drama, War",8.3,Quentin Tarantino,Brad Pitt,Diane Kruger
Eternal Sunshine of the Spotless Mind,"Drama, Romance, Sci-Fi",8.3,Michel Gondry,Jim Carrey,Kate Winslet
Amélie,"Comedy, Romance",8.3,Jean-Pierre Jeunet,Audrey Tautou,Mathieu Kassovitz
Snatch,"Comedy, Crime",8.3,Guy Ritchie,Jason Statham,Brad Pitt
Requiem for a Dream,Drama,8.3,Darren Aronofsky,Ellen Burstyn,Jared Leto
American Beauty,Drama,8.3,Sam Mendes,Kevin Spacey,Annette Bening
Good Will Hunting,"Drama, Romance",8.3,Gus Van Sant,Robin Williams,Matt Damon
Bacheha-Ye aseman,"Drama, Family, Sport",8.3,Majid Majidi,Mohammad Amir Naji,Amir Farrokh Hashemian
Toy Story,"Animation, Adventure, Comedy",8.3,John Lasseter,Tom Hanks,Tim Allen
Braveheart,"Biography, Drama, History",8.3,Mel Gibson,Mel Gibson,Sophie Marceau
Reservoir Dogs,"Crime, Drama, Thriller",8.3,Quentin Tarantino,Harvey Keitel,Tim Roth
Full Metal Jacket,"Drama, War",8.3,Stanley Kubrick,Matthew Modine,R. Lee Ermey
Idi i smotri,"Drama, Thriller, War",8.3,Elem Klimov,Aleksey Kravchenko,Olga Mironova
Aliens,"Action, Adventure, Sci-Fi",8.3,James Cameron,Sigourney Weaver,Michael Biehn
Amadeus,"Biography, Drama, History",8.3,Milos Forman,F. Murray Abraham,Tom Hulce
Scarface,"Crime, Drama",8.3,Brian De Palma,Al Pacino,Michelle Pfeiffer
Star Wars: Episode VI - Return of the Jedi,"Action, Adventure, Fantasy",8.3,Richard Marquand,Mark Hamill,Harrison Ford
Das Boot,"Adventure, Drama, Thriller",8.3,Wolfgang Petersen,Jürgen Prochnow,Herbert Grönemeyer
Taxi Driver,"Crime, Drama",8.3,Martin Scorsese,Robert De Niro,Jodie Foster
The Sting,"Comedy, Crime, Drama",8.3,George Roy Hill,Paul Newman,Robert Redford
A Clockwork Orange,"Crime, Drama, Sci-Fi",8.3,Stanley Kubrick,Malcolm McDowell,Patrick Magee
2001: A Space Odyssey,"Adventure, Sci-Fi",8.3,Stanley Kubrick,Keir Dullea,Gary Lockwood
Per qualche dollaro in più,Western,8.3,Sergio Leone,Clint Eastwood,Lee Van Cleef
Lawrence of Arabia,"Adventure, Biography, Drama",8.3,David Lean,Peter O'Toole,Alec Guinness
The Apartment,"Comedy, Drama, Romance",8.3,Billy Wilder,Jack Lemmon,Shirley MacLaine
North by Northwest,"Adventure, Mystery, Thriller",8.3,Alfred Hitchcock,Cary Grant,Eva Marie Saint
Vertigo,"Mystery, Romance, Thriller",8.3,Alfred Hitchcock,James Stewart,Kim Novak
Singin' in the Rain,"Comedy, Musical, Romance",8.3,Stanley Donen,Gene Kelly,Gene Kelly
Ikiru,Drama,8.3,Akira Kurosawa,Takashi Shimura,Nobuo Kaneko
Ladri di biciclette,Drama,8.3,Vittorio De Sica,Lamberto Maggiorani,Enzo Staiola
Double Indemnity,"Crime, Drama, Film-Noir",8.3,Billy Wilder,Fred MacMurray,Barbara Stanwyck
Citizen Kane,"Drama, Mystery",8.3,Orson Welles,Orson Welles,Joseph Cotten
M - Eine Stadt sucht einen Mörder,"Crime, Mystery, Thriller",8.3,Fritz Lang,Peter Lorre,Ellen Widmann
Metropolis,"Drama, Sci-Fi",8.3,Fritz Lang,Brigitte Helm,Alfred Abel
The Kid,"Comedy, Drama, Family",8.3,Charles Chaplin,Charles Chaplin,Edna Purviance
Chhichhore,"Comedy, Drama",8.2,Nitesh Tiwari,Sushant Singh Rajput,Shraddha Kapoor
Uri: The Surgical Strike,"Action, Drama, War",8.2,Aditya Dhar,Vicky Kaushal,Paresh Rawal
K.G.F: Chapter 1,"Action, Drama",8.2,Prashanth Neel,Yash,Srinidhi Shetty
Green Book,"Biography, Comedy, Drama",8.2,Peter Farrelly,Viggo Mortensen,Mahershala Ali
"Three Billboards Outside Ebbing, Missouri","Comedy, Crime, Drama",8.2,Martin McDonagh,Frances McDormand,Woody Harrelson
Talvar,"Crime, Drama, Mystery",8.2,Meghna Gulzar,Irrfan Khan,Konkona Sen Sharma
Baahubali 2: The Conclusion,"Action, Drama",8.2,S.S. Rajamouli,Prabhas,Rana Daggubati
Klaus,"Animation, Adventure, Comedy",8.2,Sergio Pablos,Carlos Martínez López,Jason Schwartzman
Drishyam,"Crime, Drama, Mystery",8.2,Nishikant Kamat,Ajay Devgn,Shriya Saran
Queen,"Adventure, Comedy, Drama",8.2,Vikas Bahl,Kangana Ranaut,Rajkummar Rao
Mandariinid,"Drama, War",8.2,Zaza Urushadze,Lembit Ulfsak,Elmo Nüganen
Bhaag Milkha Bhaag,"Biography, Drama, Sport",8.2,Rakeysh Omprakash Mehra,Farhan Akhtar,Sonam Kapoor
Gangs of Wasseypur,"Action, Comedy, Crime",8.2,Anurag Kashyap,Manoj Bajpayee,Richa Chadha
Udaan,Drama,8.2,Vikramaditya Motwane,Rajat Barmecha,Ronit Roy
Paan Singh Tomar,"Action, Biography, Crime",8.2,Tigmanshu Dhulia,Irrfan Khan,Mahie Gill
El secreto de sus ojos,"Drama, Mystery, Romance",8.2,Juan José Campanella,Ricardo Darín,Soledad Villamil
Warrior,"Action, Drama, Sport",8.2,Gavin O'Connor,Tom Hardy,Nick Nolte
Shutter Island,"Mystery, Thriller",8.2,Martin Scorsese,Leonardo DiCaprio,Emily Mortimer
Up,"Animation, Adventure, Comedy",8.2,Pete Docter,Bob Peterson,Edward Asner
The Wolf of Wall Street,"Biography, Crime, Drama",8.2,Martin Scorsese,Leonardo DiCaprio,Jonah Hill
Chak De! India,"Drama, Family, Sport",8.2,Shimit Amin,Shah Rukh Khan,Vidya Malvade
There Will Be Blood,Drama,8.2,Paul Thomas Anderson,Daniel Day-Lewis,Paul Dano
Pan's Labyrinth,"Drama, Fantasy, War",8.2,Guillermo del Toro,Ivana Baquero,Ariadna Gil
Toy Story 3,"Animation, Adventure, Comedy",8.2,Lee Unkrich,Tom Hanks,Tim Allen
V for Vendetta,"Action, Drama, Sci-Fi",8.2,James McTeigue,Hugo Weaving,Natalie Portman
Rang De Basanti,"Comedy, Crime, Drama",8.2,Rakeysh Omprakash Mehra,Aamir Khan,Soha Ali Khan
Black,Drama,8.2,Sanjay Leela Bhansali,Amitabh Bachchan,Rani Mukerji
Batman Begins,"Action, Adventure",8.2,Christopher Nolan,Christian Bale,Michael Caine
"Swades: We, the People",Drama,8.2,Ashutosh Gowariker,Shah Rukh Khan,Gayatri Joshi
Der Untergang,"Biography, Drama, History",8.2,Oliver Hirschbiegel,Bruno Ganz,Alexandra Maria Lara
Hauru no ugoku shiro,"Animation, Adventure, Family",8.2,Hayao Miyazaki,Chieko Baishô,Takuya Kimura
A Beautiful Mind,"Biography, Drama",8.2,Ron Howard,Russell Crowe,Ed Harris
Hera Pheri,"Action, Comedy, Crime",8.2,Priyadarshan,Akshay Kumar,Sunil Shetty
"Lock, Stock and Two Smoking Barrels","Action, Comedy, Crime",8.2,Guy Ritchie,Jason Flemyng,Dexter Fletcher
L.A. Confidential,"Crime, Drama, Mystery",8.2,Curtis Hanson,Kevin Spacey,Russell Crowe
Eskiya,"Crime, Drama, Thriller",8.2,Yavuz Turgul,Sener Sen,Ugur Yücel
Heat,"Crime, Drama, Thriller",8.2,Michael Mann,Al Pacino,Robert De Niro
Casino,"Crime, Drama",8.2,Martin Scorsese,Robert De Niro,Sharon Stone
Andaz Apna Apna,"Action, Comedy, Romance",8.2,Rajkumar Santoshi,Aamir Khan,Salman Khan
Unforgiven,"Drama, Western",8.2,Clint Eastwood,Clint Eastwood,Gene Hackman
Indiana Jones and the Last Crusade,"Action, Adventure",8.2,Steven Spielberg,Harrison Ford,Sean Connery
Dom za vesanje,"Comedy, Crime, Drama",8.2,Emir Kusturica,Davor Dujmovic,Bora Todorovic
Tonari no Totoro,"Animation, Family, Fantasy",8.2,Hayao Miyazaki,Hitoshi Takagi,Noriko Hidaka
Die Hard,"Action, Thriller",8.2,John McTiernan,Bruce Willis,Alan Rickman
Ran,"Action, Drama, War",8.2,Akira Kurosawa,Tatsuya Nakadai,Akira Terao
Raging Bull,"Biography, Drama, Sport",8.2,Martin Scorsese,Robert De Niro,Cathy Moriarty
Stalker,"Drama, Sci-Fi",8.2,Andrei Tarkovsky,Alisa Freyndlikh,Aleksandr Kaydanovskiy
Höstsonaten,"Drama, Music",8.2,Ingmar Bergman,Ingrid Bergman,Liv Ullmann
The Message,"Biography, Drama, History",8.2,Moustapha Akkad,Anthony Quinn,Irene Papas
Sholay,"Action, Adventure, Comedy",8.2,Ramesh Sippy,Sanjeev Kumar,Dharmendra
Monty Python and the Holy Grail,"Adventure, Comedy, Fantasy",8.2,Terry Gilliam,Terry Jones,Graham Chapman
The Great Escape,"Adventure, Drama, History",8.2,John Sturges,Steve McQueen,James Garner
To Kill a Mockingbird,"Crime, Drama",8.2,Robert Mulligan,Gregory Peck,John Megna
Yôjinbô,"Action, Drama, Thriller",8.2,Akira Kurosawa,Toshirô Mifune,Eijirô Tôno
Judgment at Nuremberg,"Drama, War",8.2,Stanley Kramer,Spencer Tracy,Burt Lancaster
Some Like It Hot,"Comedy, Music, Romance",8.2,Billy Wilder,Marilyn Monroe,Tony Curtis
Smultronstället,"Drama, Romance",8.2,Ingmar Bergman,Victor Sjöström,Bibi Andersson
Det sjunde inseglet,"Drama, Fantasy, History",8.2,Ingmar Bergman,Max von Sydow,Gunnar Björnstrand
Du rififi chez les hommes,"Crime, Drama, Thriller",8.2,Jules Dassin,Jean Servais,Carl Möhner
Dial M for Murder,"Crime, Thriller",8.2,Alfred Hitchcock,Ray Milland,Grace Kelly
Tôkyô monogatari,Drama,8.2,Yasujirô Ozu,Chishû Ryû,Chieko Higashiyama
Rashômon,"Crime, Drama, Mystery",8.2,Akira Kurosawa,Toshirô Mifune,Machiko Kyô
All About Eve,Drama,8.2,Joseph L. Mankiewicz,Bette Davis,Anne Baxter
The Treasure of the Sierra Madre,"Adventure, Drama, Western",8.2,John Huston,Humphrey Bogart,Walter Huston
To Be or Not to Be,"Comedy, War",8.2,Ernst Lubitsch,Carole Lombard,Jack Benny
The Gold Rush,"Adventure, Comedy, Drama",8.2,Charles Chaplin,Charles Chaplin,Mack Swain
Sherlock Jr.,"Action, Comedy, Romance",8.2,Buster Keaton,Buster Keaton,Kathryn McGuire
Portrait de la jeune fille en feu,"Drama, Romance",8.1,Céline Sciamma,Noémie Merlant,Adèle Haenel
Pink,"Drama, Thriller",8.1,Aniruddha Roy Chowdhury,Taapsee Pannu,Amitabh Bachchan
Koe no katachi,"Animation, Drama, Family",8.1,Naoko Yamada,Miyu Irino,Saori Hayami
Contratiempo,"Crime, Drama, Mystery",8.1,Oriol Paulo,Mario Casas,Ana Wagener
Ah-ga-ssi,"Drama, Romance, Thriller",8.1,Chan-wook Park,Kim Min-hee,Jung-woo Ha
Mommy,Drama,8.1,Xavier Dolan,Anne Dorval,Antoine Olivier Pilon
Haider,"Action, Crime, Drama",8.1,Vishal Bhardwaj,Shahid Kapoor,Tabu
Logan,"Action, Drama, Sci-Fi",8.1,James Mangold,Hugh Jackman,Patrick Stewart
Room,"Drama, Thriller",8.1,Lenny Abrahamson,Brie Larson,Jacob Tremblay
Relatos salvajes,"Comedy, Drama, Thriller",8.1,Damián Szifron,Darío Grandinetti,María Marull
Soul,"Animation, Adventure, Comedy",8.1,Pete Docter,Kemp Powers,Jamie Foxx
Kis Uykusu,Drama,8.1,Nuri Bilge Ceylan,Haluk Bilginer,Melisa Sözen
PK,"Comedy, Drama, Musical",8.1,Rajkumar Hirani,Aamir Khan,Anushka Sharma
OMG: Oh My God!,"Comedy, Drama, Fantasy",8.1,Umesh Shukla,Paresh Rawal,Akshay Kumar
The Grand Budapest Hotel,"Adventure, Comedy, Crime",8.1,Wes Anderson,Ralph Fiennes,F. Murray Abraham
Gone Girl,"Drama, Mystery, Thriller",8.1,David Fincher,Ben Affleck,Rosamund Pike
Ôkami kodomo no Ame to Yuki,"Animation, Drama, Fantasy",8.1,Mamoru Hosoda,Aoi Miyazaki,Takao Osawa
Hacksaw Ridge,"Biography, Drama, History",8.1,Mel Gibson,Andrew Garfield,Sam Worthington
Inside Out,"Animation, Adventure, Comedy",8.1,Pete Docter,Ronnie Del Carmen,Amy Poehler
Barfi!,"Comedy, Drama, Romance",8.1,Anurag Basu,Ranbir Kapoor,Priyanka Chopra
12 Years a Slave,"Biography, Drama, History",8.1,Steve McQueen,Chiwetel Ejiofor,Michael Kenneth Williams
Rush,"Action, Biography, Drama",8.1,Ron Howard,Daniel Brühl,Chris Hemsworth
Ford v Ferrari,"Action, Biography, Drama",8.1,James Mangold,Matt Damon,Christian Bale
Spotlight,"Biography, Crime, Drama",8.1,Tom McCarthy,Mark Ruffalo,Michael Keaton
Song of the Sea,"Animation, Adventure, Drama",8.1,Tomm Moore,David Rawle,Brendan Gleeson
Kahaani,"Mystery, Thriller",8.1,Sujoy Ghosh,Vidya Balan,Parambrata Chattopadhyay
Zindagi Na Milegi Dobara,"Comedy, Drama",8.1,Zoya Akhtar,Hrithik Roshan,Farhan Akhtar
Prisoners,"Crime, Drama, Mystery",8.1,Denis Villeneuve,Hugh Jackman,Jake Gyllenhaal
Mad Max: Fury Road,"Action, Adventure, Sci-Fi",8.1,George Miller,Tom Hardy,Charlize Theron
A Wednesday,"Action, Crime, Drama",8.1,Neeraj Pandey,Anupam Kher,Naseeruddin Shah
Gran Torino,Drama,8.1,Clint Eastwood,Clint Eastwood,Bee Vang
Harry Potter and the Deathly Hallows: Part 2,"Adventure, Drama, Fantasy",8.1,David Yates,Daniel Radcliffe,Emma Watson
Okuribito,"Drama, Music",8.1,Yôjirô Takita,Masahiro Motoki,Ryôko Hirosue
Hachi: A Dog's Tale,"Biography, Drama, Family",8.1,Lasse Hallström,Richard Gere,Joan Allen
Mary and Max,"Animation, Comedy, Drama",8.1,Adam Elliot,Toni Collette,Philip Seymour Hoffman
How to Train Your Dragon,"Animation, Action, Adventure",8.1,Dean DeBlois,Chris Sanders,Jay Baruchel
Into the Wild,"Adventure, Biography, Drama",8.1,Sean Penn,Emile Hirsch,Vince Vaughn
No Country for Old Men,"Crime, Drama, Thriller",8.1,Ethan Coen,Joel Coen,Tommy Lee Jones
Lage Raho Munna Bhai,"Comedy, Drama, Romance",8.1,Rajkumar Hirani,Sanjay Dutt,Arshad Warsi
Million Dollar Baby,"Drama, Sport",8.1,Clint Eastwood,Hilary Swank,Clint Eastwood
Hotel Rwanda,"Biography, Drama, History",8.1,Terry George,Don Cheadle,Sophie Okonedo
Taegukgi hwinalrimyeo,"Action, Drama, War",8.1,Je-kyu Kang,Jang Dong-Gun,Won Bin
Before Sunset,"Drama, Romance",8.1,Richard Linklater,Ethan Hawke,Julie Delpy
Munna Bhai M.B.B.S.,"Comedy, Drama, Musical",8.1,Rajkumar Hirani,Sanjay Dutt,Arshad Warsi
Salinui chueok,"Crime, Drama, Mystery",8.1,Bong Joon Ho,Kang-ho Song,Kim Sang-kyung
Dil Chahta Hai,"Comedy, Drama, Romance",8.1,Farhan Akhtar,Aamir Khan,Saif Ali Khan
Kill Bill: Vol. 1,"Action, Crime, Drama",8.1,Quentin Tarantino,Uma Thurman,David Carradine
Finding Nemo,"Animation, Adventure, Comedy",8.1,Andrew Stanton,Lee Unkrich,Albert Brooks
Catch Me If You Can,"Biography, Crime, Drama",8.1,Steven Spielberg,Leonardo DiCaprio,Tom Hanks
Amores perros,"Drama, Thriller",8.1,Alejandro G. Iñárritu,Emilio Echevarría,Gael García Bernal
"Monsters, Inc.","Animation, Adventure, Comedy",8.1,Pete Docter,David Silverman,Lee Unkrich
"Shin seiki Evangelion Gekijô-ban: Air/Magokoro wo, kimi ni","Animation, Action, Drama",8.1,Hideaki Anno,Kazuya Tsurumaki,Megumi Ogata
Lagaan: Once Upon a Time in India,"Adventure, Drama, Musical",8.1,Ashutosh Gowariker,Aamir Khan,Raghuvir Yadav
The Sixth Sense,"Drama, Mystery, Thriller",8.1,M. Night Shyamalan,Bruce Willis,Haley Joel Osment
La leggenda del pianista sull'oceano,"Drama, Music, Romance",8.1,Giuseppe Tornatore,Tim Roth,Pruitt Taylor Vince
The Truman Show,"Comedy, Drama",8.1,Peter Weir,Jim Carrey,Ed Harris
"Crna macka, beli macor","Comedy, Crime, Romance",8.1,Emir Kusturica,Bajram Severdzan,Srdjan 'Zika' Todorovic
The Big Lebowski,"Comedy, Crime, Sport",8.1,Joel Coen,Ethan Coen,Jeff Bridges
Fa yeung nin wah,"Drama, Romance",8.1,Kar-Wai Wong,Tony Chiu-Wai Leung,Maggie Cheung
Trainspotting,Drama,8.1,Danny Boyle,Ewan McGregor,Ewen Bremner
Fargo,"Crime, Drama, Thriller",8.1,Joel Coen,Ethan Coen,William H. Macy
Underground,"Comedy, Drama, War",8.1,Emir Kusturica,Predrag 'Miki' Manojlovic,Lazar Ristovski
La haine,"Crime, Drama",8.1,Mathieu Kassovitz,Vincent Cassel,Hubert Koundé
Dilwale Dulhania Le Jayenge,"Drama, Romance",8.1,Aditya Chopra,Shah Rukh Khan,Kajol
Before Sunrise,"Drama, Romance",8.1,Richard Linklater,Ethan Hawke,Julie Delpy
Trois couleurs: Rouge,"Drama, Mystery, Romance",8.1,Krzysztof Kieslowski,Irène Jacob,Jean-Louis Trintignant
Chung Hing sam lam,"Comedy, Crime, Drama",8.1,Kar-Wai Wong,Brigitte Lin,Takeshi Kaneshiro
Jurassic Park,"Action, Adventure, Sci-Fi",8.1,Steven Spielberg,Sam Neill,Laura Dern
In the Name of the Father,"Biography, Crime, Drama",8.1,Jim Sheridan,Daniel Day-Lewis,Pete Postlethwaite
Ba wang bie ji,"Drama, Music, Romance",8.1,Kaige Chen,Leslie Cheung,Fengyi Zhang
Dà hóng denglong gaogao guà,"Drama, History, Romance",8.1,Yimou Zhang,Gong Li,Jingwu Ma
Dead Poets Society,"Comedy, Drama",8.1,Peter Weir,Robin Williams,Robert Sean Leonard
Stand by Me,"Adventure, Drama",8.1,Rob Reiner,Wil Wheaton,River Phoenix
Platoon,"Drama, War",8.1,Oliver Stone,Charlie Sheen,Tom Berenger
"Paris, Texas",Drama,8.1,Wim Wenders,Harry Dean Stanton,Nastassja Kinski
Kaze no tani no Naushika,"Animation, Adventure, Fantasy",8.1,Hayao Miyazaki,Sumi Shimamoto,Mahito Tsujimura
The Thing,"Horror, Mystery, Sci-Fi",8.1,John Carpenter,Kurt Russell,Wilford Brimley
Pink Floyd: The Wall,"Drama, Fantasy, Music",8.1,Alan Parker,Bob Geldof,Christine Hargreaves
Fitzcarraldo,"Adventure, Drama",8.1,Werner Herzog,Klaus Kinski,Claudia Cardinale
Fanny och Alexander,Drama,8.1,Ingmar Bergman,Bertil Guve,Pernilla Allwin
Blade Runner,"Action, Sci-Fi, Thriller",8.1,Ridley Scott,Harrison Ford,Rutger Hauer
The Elephant Man,"Biography, Drama",8.1,David Lynch,Anthony Hopkins,John Hurt
Life of Brian,Comedy,8.1,Terry Jones,Graham Chapman,John Cleese
The Deer Hunter,"Drama, War",8.1,Michael Cimino,Robert De Niro,Christopher Walken
Rocky,"Drama, Sport",8.1,John G. Avildsen,Sylvester Stallone,Talia Shire
Network,Drama,8.1,Sidney Lumet,Faye Dunaway,William Holden
Barry Lyndon,"Adventure, Drama, History",8.1,Stanley Kubrick,Ryan O'Neal,Marisa Berenson
Zerkalo,"Biography, Drama",8.1,Andrei Tarkovsky,Margarita Terekhova,Filipp Yankovskiy
Chinatown,"Drama, Mystery, Thriller",8.1,Roman Polanski,Jack Nicholson,Faye Dunaway
Paper Moon,"Comedy, Crime, Drama",8.1,Peter Bogdanovich,Ryan O'Neal,Tatum O'Neal
Viskningar och rop,Drama,8.1,Ingmar Bergman,Harriet Andersson,Liv Ullmann
Solaris,"Drama, Mystery, Sci-Fi",8.1,Andrei Tarkovsky,Natalya Bondarchuk,Donatas Banionis
Le samouraï,"Crime, Drama, Mystery",8.1,Jean-Pierre Melville,Alain Delon,François Périer
Cool Hand Luke,"Crime, Drama",8.1,Stuart Rosenberg,Paul Newman,George Kennedy
Persona,"Drama, Thriller",8.1,Ingmar Bergman,Bibi Andersson,Liv Ullmann
Andrei Rublev,"Biography, Drama, History",8.1,Andrei Tarkovsky,Anatoliy Solonitsyn,Ivan Lapikov
La battaglia di Algeri,"Drama, War",8.1,Gillo Pontecorvo,Brahim Hadjadj,Jean Martin
El ángel exterminador,"Drama, Fantasy",8.1,Luis Buñuel,Silvia Pinal,Jacqueline Andere
What Ever Happened to Baby Jane?,"Drama, Horror, Thriller",8.1,Robert Aldrich,Bette Davis,Joan Crawford
Sanjuro,"Action, Comedy, Crime",8.1,Akira Kurosawa,Toshirô Mifune,Tatsuya Nakadai
The Man Who Shot Liberty Valance,"Drama, Western",8.1,John Ford,James Stewart,John Wayne
Ivanovo detstvo,"Drama, War",8.1,Andrei Tarkovsky,Eduard Abalov,Nikolay Burlyaev
Jungfrukällan,Drama,8.1,Ingmar Bergman,Max von Sydow,Birgitta Valberg
Inherit the Wind,"Biography, Drama, History",8.1,Stanley Kramer,Spencer Tracy,Fredric March
Les quatre cents coups,"Crime, Drama",8.1,François Truffaut,Jean-Pierre Léaud,Albert Rémy
Ben-Hur,"Adventure, Drama, History",8.1,William Wyler,Charlton Heston,Jack Hawkins
Kakushi-toride no san-akunin,"Adventure, Drama",8.1,Akira Kurosawa,Toshirô Mifune,Misa Uehara
Le notti di Cabiria,Drama,8.1,Federico Fellini,Giulietta Masina,François Périer
Kumonosu-jô,"Drama, History",8.1,Akira Kurosawa,Toshirô Mifune,Minoru Chiaki
The Bridge on the River Kwai,"Adventure, Drama, War",8.1,David Lean,William Holden,Alec Guinness
On the Waterfront,"Crime, Drama, Thriller",8.1,Elia Kazan,Marlon Brando,Karl Malden
Le salaire de la peur,"Adventure, Drama, Thriller",8.1,Henri-Georges Clouzot,Yves Montand,Charles Vanel
Ace in the Hole,"Drama, Film-Noir",8.1,Billy Wilder,Kirk Douglas,Jan Sterling
White Heat,"Action, Crime, Drama",8.1,Raoul Walsh,James Cagney,Virginia Mayo
The Third Man,"Film-Noir, Mystery, Thriller",8.1,Carol Reed,Orson Welles,Joseph Cotten
The Red Shoes,"Drama, Music, Romance",8.1,Michael Powell,Emeric Pressburger,Anton Walbrook
The Shop Around the Corner,"Comedy, Drama, Romance",8.1,Ernst Lubitsch,Margaret Sullavan,James Stewart
Rebecca,"Drama, Mystery, Romance",8.1,Alfred Hitchcock,Laurence Olivier,Joan Fontaine
Mr. Smith Goes to Washington,"Comedy, Drama",8.1,Frank Capra,James Stewart,Jean Arthur
Gone with the Wind,"Drama, History, Romance",8.1,Victor Fleming,George Cukor,Sam Wood
La Grande Illusion,"Drama, War",8.1,Jean Renoir,Jean Gabin,Dita Parlo
It Happened One Night,"Comedy, Romance",8.1,Frank Capra,Clark Gable,Claudette Colbert
La passion de Jeanne d'Arc,"Biography, Drama, History",8.1,Carl Theodor Dreyer,Maria Falconetti,Eugene Silvain
The Circus,"Comedy, Romance",8.1,Charles Chaplin,Charles Chaplin,Merna Kennedy
Sunrise: A Song of Two Humans,"Drama, Romance",8.1,F.W. Murnau,George O'Brien,Janet Gaynor
The General,"Action, Adventure, Comedy",8.1,Clyde Bruckman,Buster Keaton,Buster Keaton
Das Cabinet des Dr. Caligari,"Fantasy, Horror, Mystery",8.1,Robert Wiene,Werner Krauss,Conrad Veidt
Badhaai ho,"Comedy, Drama",8,Amit Ravindernath Sharma,Ayushmann Khurrana,Neena Gupta
Togo,"Adventure, Biography, Drama",8,Ericson Core,Willem Dafoe,Julianne Nicholson
Airlift,"Drama, History",8,Raja Menon,Akshay Kumar,Nimrat Kaur
Bajrangi Bhaijaan,"Action, Adventure, Comedy",8,Kabir Khan,Salman Khan,Harshaali Malhotra
Baby,"Action, Crime, Thriller",8,Neeraj Pandey,Akshay Kumar,Danny Denzongpa
La La Land,"Comedy, Drama, Music",8,Damien Chazelle,Ryan Gosling,Emma Stone
Lion,"Biography, Drama",8,Garth Davis,Dev Patel,Nicole Kidman
The Martian,"Adventure, Drama, Sci-Fi",8,Ridley Scott,Matt Damon,Jessica Chastain
Zootopia,"Animation, Adventure, Comedy",8,Byron Howard,Rich Moore,Jared Bush
Bãhubali: The Beginning,"Action, Drama",8,S.S. Rajamouli,Prabhas,Rana Daggubati
Kaguyahime no monogatari,"Animation, Adventure, Drama",8,Isao Takahata,Chloë Grace Moretz,James Caan
Wonder,"Drama, Family",8,Stephen Chbosky,Jacob Tremblay,Owen Wilson
Gully Boy,"Drama, Music, Romance",8,Zoya Akhtar,Vijay Varma,Nakul Roshan Sahdev
Special Chabbis,"Crime, Drama, Thriller",8,Neeraj Pandey,Akshay Kumar,Anupam Kher
Short Term 12,Drama,8,Destin Daniel Cretton,Brie Larson,Frantz Turner
Serbuan maut 2: Berandal,"Action, Crime, Thriller",8,Gareth Evans,Iko Uwais,Yayan Ruhian
The Imitation Game,"Biography, Drama, Thriller",8,Morten Tyldum,Benedict Cumberbatch,Keira Knightley
Guardians of the Galaxy,"Action, Adventure, Comedy",8,James Gunn,Chris Pratt,Vin Diesel
Blade Runner 2049,"Action, Drama, Mystery",8,Denis Villeneuve,Harrison Ford,Ryan Gosling
Her,"Drama, Romance, Sci-Fi",8,Spike Jonze,Joaquin Phoenix,Amy Adams
Bohemian Rhapsody,"Biography, Drama, Music",8,Bryan Singer,Rami Malek,Lucy Boynton
The Revenant,"Action, Adventure, Drama",8,Alejandro G. Iñárritu,Leonardo DiCaprio,Tom Hardy
The Perks of Being a Wallflower,"Drama, Romance",8,Stephen Chbosky,Logan Lerman,Emma Watson
Tropa de Elite 2: O Inimigo Agora é Outro,"Action, Crime, Drama",8,José Padilha,Wagner Moura,Irandhir Santos
The King's Speech,"Biography, Drama, History",8,Tom Hooper,Colin Firth,Geoffrey Rush
The Help,Drama,8,Tate Taylor,Emma Stone,Viola Davis
Deadpool,"Action, Adventure, Comedy",8,Tim Miller,Ryan Reynolds,Morena Baccarin
Darbareye Elly,"Drama, Mystery",8,Asghar Farhadi,Golshifteh Farahani,Shahab Hosseini
Dev.D,"Drama, Romance",8,Anurag Kashyap,Abhay Deol,Mahie Gill
Yip Man,"Action, Biography, Drama",8,Wilson Yip,Donnie Yen,Simon Yam
My Name Is Khan,Drama,8,Karan Johar,Shah Rukh Khan,Kajol
Nefes: Vatan Sagolsun,"Action, Drama, Thriller",8,Levent Semerci,Erdem Can,Mete Horozoglu
Slumdog Millionaire,"Drama, Romance",8,Danny Boyle,Loveleen Tandan,Dev Patel
Black Swan,"Drama, Thriller",8,Darren Aronofsky,Natalie Portman,Mila Kunis
Tropa de Elite,"Action, Crime, Drama",8,José Padilha,Wagner Moura,André Ramiro
The Avengers,"Action, Adventure, Sci-Fi",8,Joss Whedon,Robert Downey Jr.,Chris Evans
Persepolis,"Animation, Biography, Drama",8,Vincent Paronnaud,Marjane Satrapi,Chiara Mastroianni
Dallas Buyers Club,"Biography, Drama",8,Jean-Marc Vallée,Matthew McConaughey,Jennifer Garner
The Pursuit of Happyness,"Biography, Drama",8,Gabriele Muccino,Will Smith,Thandie Newton
Blood Diamond,"Adventure, Drama, Thriller",8,Edward Zwick,Leonardo DiCaprio,Djimon Hounsou
The Bourne Ultimatum,"Action, Mystery, Thriller",8,Paul Greengrass,Matt Damon,Edgar Ramírez
Bin-jip,"Crime, Drama, Romance",8,Ki-duk Kim,Seung-Yun Lee,Hee Jae
Sin City,"Crime, Thriller",8,Frank Miller,Quentin Tarantino,Robert Rodriguez
Le scaphandre et le papillon,"Biography, Drama",8,Julian Schnabel,Laura Obiols,Mathieu Amalric
G.O.R.A.,"Adventure, Comedy, Sci-Fi",8,Ömer Faruk Sorak,Cem Yilmaz,Özge Özberk
Ratatouille,"Animation, Adventure, Comedy",8,Brad Bird,Jan Pinkava,Brad Garrett
Casino Royale,"Action, Adventure, Thriller",8,Martin Campbell,Daniel Craig,Eva Green
Kill Bill: Vol. 2,"Action, Crime, Thriller",8,Quentin Tarantino,Uma Thurman,David Carradine
Vozvrashchenie,Drama,8,Andrey Zvyagintsev,Vladimir Garin,Ivan Dobronravov
Bom Yeoareum Gaeul Gyeoul Geurigo Bom,"Drama, Romance",8,Ki-duk Kim,Ki-duk Kim,Yeong-su Oh
Mar adentro,"Biography, Drama",8,Alejandro Amenábar,Javier Bardem,Belén Rueda
Cinderella Man,"Biography, Drama, History",8,Ron Howard,Russell Crowe,Renée Zellweger
Kal Ho Naa Ho,"Comedy, Drama, Musical",8,Nikkhil Advani,Preity Zinta,Shah Rukh Khan
Mou gaan dou,"Action, Crime, Drama",8,Andrew Lau,Alan Mak,Andy Lau
Pirates of the Caribbean: The Curse of the Black Pearl,"Action, Adventure, Fantasy",8,Gore Verbinski,Johnny Depp,Geoffrey Rush
Big Fish,"Adventure, Drama, Fantasy",8,Tim Burton,Ewan McGregor,Albert Finney
The Incredibles,"Animation, Action, Adventure",8,Brad Bird,Craig T. Nelson,Samuel L. Jackson
Yeopgijeogin geunyeo,"Comedy, Drama, Romance",8,Jae-young Kwak,Tae-Hyun Cha,Jun Ji-Hyun
Dogville,"Crime, Drama",8,Lars von Trier,Nicole Kidman,Paul Bettany
Vizontele,"Comedy, Drama",8,Yilmaz Erdogan,Ömer Faruk Sorak,Yilmaz Erdogan
Donnie Darko,"Drama, Mystery, Sci-Fi",8,Richard Kelly,Jake Gyllenhaal,Jena Malone
Magnolia,Drama,8,Paul Thomas Anderson,Tom Cruise,Jason Robards
Dancer in the Dark,"Crime, Drama, Musical",8,Lars von Trier,Björk,Catherine Deneuve
The Straight Story,"Biography, Drama",8,David Lynch,Richard Farnsworth,Sissy Spacek
Pâfekuto burû,"Animation, Crime, Mystery",8,Satoshi Kon,Junko Iwao,Rica Matsumoto
Festen,Drama,8,Thomas Vinterberg,Ulrich Thomsen,Henning Moritzen
Central do Brasil,Drama,8,Walter Salles,Fernanda Montenegro,Vinícius de Oliveira
The Iron Giant,"Animation, Action, Adventure",8,Brad Bird,Eli Marienthal,Harry Connick Jr.
Knockin' on Heaven's Door,"Action, Crime, Comedy",8,Thomas Jahn,Til Schweiger,Jan Josef Liefers
Sling Blade,Drama,8,Billy Bob Thornton,Billy Bob Thornton,Dwight Yoakam
Secrets & Lies,"Comedy, Drama",8,Mike Leigh,Timothy Spall,Brenda Blethyn
Twelve Monkeys,"Mystery, Sci-Fi, Thriller",8,Terry Gilliam,Bruce Willis,Madeleine Stowe
Kôkaku Kidôtai,"Animation, Action, Crime",8,Mamoru Oshii,Atsuko Tanaka,Iemasa Kayumi
The Nightmare Before Christmas,"Animation, Family, Fantasy",8,Henry Selick,Danny Elfman,Chris Sarandon
Groundhog Day,"Comedy, Fantasy, Romance",8,Harold Ramis,Bill Murray,Andie MacDowell
Bound by Honor,"Crime, Drama",8,Taylor Hackford,Damian Chapa,Jesse Borrego
Scent of a Woman,Drama,8,Martin Brest,Al Pacino,Chris O'Donnell
Aladdin,"Animation, Adventure, Comedy",8,Ron Clements,John Musker,Scott Weinger
JFK,"Drama, History, Thriller",8,Oliver Stone,Kevin Costner,Gary Oldman
Beauty and the Beast,"Animation, Family, Fantasy",8,Gary Trousdale,Kirk Wise,Paige O'Hara
Dances with Wolves,"Adventure, Drama, Western",8,Kevin Costner,Kevin Costner,Mary McDonnell
Do the Right Thing,"Comedy, Drama",8,Spike Lee,Danny Aiello,Ossie Davis
Rain Man,Drama,8,Barry Levinson,Dustin Hoffman,Tom Cruise
Akira,"Animation, Action, Sci-Fi",8,Katsuhiro Ôtomo,Mitsuo Iwata,Nozomu Sasaki
The Princess Bride,"Adventure, Family, Fantasy",8,Rob Reiner,Cary Elwes,Mandy Patinkin
Der Himmel über Berlin,"Drama, Fantasy, Romance",8,Wim Wenders,Bruno Ganz,Solveig Dommartin
Au revoir les enfants,"Drama, War",8,Louis Malle,Gaspard Manesse,Raphael Fejtö
Tenkû no shiro Rapyuta,"Animation, Adventure, Drama",8,Hayao Miyazaki,Mayumi Tanaka,Keiko Yokozawa
The Terminator,"Action, Sci-Fi",8,James Cameron,Arnold Schwarzenegger,Linda Hamilton
Gandhi,"Biography, Drama, History",8,Richard Attenborough,Ben Kingsley,John Gielgud
Kagemusha,"Drama, History, War",8,Akira Kurosawa,Tatsuya Nakadai,Tsutomu Yamazaki
Being There,"Comedy, Drama",8,Hal Ashby,Peter Sellers,Shirley MacLaine
Annie Hall,"Comedy, Romance",8,Woody Allen,Woody Allen,Diane Keaton
Jaws,"Adventure, Thriller",8,Steven Spielberg,Roy Scheider,Robert Shaw
Dog Day Afternoon,"Biography, Crime, Drama",8,Sidney Lumet,Al Pacino,John Cazale
Young Frankenstein,Comedy,8,Mel Brooks,Gene Wilder,Madeline Kahn
Papillon,"Biography, Crime, Drama",8,Franklin J. Schaffner,Steve McQueen,Dustin Hoffman
The Exorcist,Horror,8,William Friedkin,Ellen Burstyn,Max von Sydow
Sleuth,"Mystery, Thriller",8,Joseph L. Mankiewicz,Laurence Olivier,Michael Caine
The Last Picture Show,"Drama, Romance",8,Peter Bogdanovich,Timothy Bottoms,Jeff Bridges
Fiddler on the Roof,"Drama, Family, Musical",8,Norman Jewison,Topol,Norma Crane
Il conformista,Drama,8,Bernardo Bertolucci,Jean-Louis Trintignant,Stefania Sandrelli
Butch Cassidy and the Sundance Kid,"Biography, Crime, Drama",8,George Roy Hill,Paul Newman,Robert Redford
Rosemary's Baby,"Drama, Horror",8,Roman Polanski,Mia Farrow,John Cassavetes
Planet of the Apes,"Adventure, Sci-Fi",8,Franklin J. Schaffner,Charlton Heston,Roddy McDowall
The Graduate,"Comedy, Drama, Romance",8,Mike Nichols,Dustin Hoffman,Anne Bancroft
Who's Afraid of Virginia Woolf?,Drama,8,Mike Nichols,Elizabeth Taylor,Richard Burton
The Sound of Music,"Biography, Drama, Family",8,Robert Wise,Julie Andrews,Christopher Plummer
Doctor Zhivago,"Drama, Romance, War",8,David Lean,Omar Sharif,Julie Christie
Per un pugno di dollari,"Action, Drama, Western",8,Sergio Leone,Clint Eastwood,Gian Maria Volontè
8½,Drama,8,Federico Fellini,Marcello Mastroianni,Anouk Aimée
Vivre sa vie: Film en douze tableaux,Drama,8,Jean-Luc Godard,Anna Karina,Sady Rebbot
The Hustler,"Drama, Sport",8,Robert Rossen,Paul Newman,Jackie Gleason
La dolce vita,"Comedy, Drama",8,Federico Fellini,Marcello Mastroianni,Anita Ekberg
Rio Bravo,"Action, Drama, Western",8,Howard Hawks,John Wayne,Dean Martin
Anatomy of a Murder,"Crime, Drama, Mystery",8,Otto Preminger,James Stewart,Lee Remick
Touch of Evil,"Crime, Drama, Film-Noir",8,Orson Welles,Charlton Heston,Orson Welles
Cat on a Hot Tin Roof,Drama,8,Richard Brooks,Elizabeth Taylor,Paul Newman
Sweet Smell of Success,"Drama, Film-Noir",8,Alexander Mackendrick,Burt Lancaster,Tony Curtis
The Killing,"Crime, Drama, Film-Noir",8,Stanley Kubrick,Sterling Hayden,Coleen Gray
The Night of the Hunter,"Crime, Drama, Film-Noir",8,Charles Laughton,Robert Mitchum,Shelley Winters
La Strada,Drama,8,Federico Fellini,Anthony Quinn,Giulietta Masina
Les diaboliques,"Crime, Drama, Horror",8,Henri-Georges Clouzot,Simone Signoret,Véra Clouzot
Stalag 17,"Comedy, Drama, War",8,Billy Wilder,William Holden,Don Taylor
Roman Holiday,"Comedy, Romance",8,William Wyler,Gregory Peck,Audrey Hepburn
A Streetcar Named Desire,Drama,8,Elia Kazan,Vivien Leigh,Marlon Brando
In a Lonely Place,"Drama, Film-Noir, Mystery",8,Nicholas Ray,Humphrey Bogart,Gloria Grahame
Kind Hearts and Coronets,"Comedy, Crime",8,Robert Hamer,Dennis Price,Alec Guinness
Rope,"Crime, Drama, Mystery",8,Alfred Hitchcock,James Stewart,John Dall
Out of the Past,"Crime, Drama, Film-Noir",8,Jacques Tourneur,Robert Mitchum,Jane Greer
Brief Encounter,"Drama, Romance",8,David Lean,Celia Johnson,Trevor Howard
Laura,"Drama, Film-Noir, Mystery",8,Otto Preminger,Gene Tierney,Dana Andrews
The Best Years of Our Lives,"Drama, Romance, War",8,William Wyler,Myrna Loy,Dana Andrews
Arsenic and Old Lace,"Comedy, Crime, Thriller",8,Frank Capra,Cary Grant,Priscilla Lane
The Maltese Falcon,"Film-Noir, Mystery",8,John Huston,Humphrey Bogart,Mary Astor
The Grapes of Wrath,"Drama, History",8,John Ford,Henry Fonda,Jane Darwell
The Wizard of Oz,"Adventure, Family, Fantasy",8,Victor Fleming,George Cukor,Mervyn LeRoy
La règle du jeu,"Comedy, Drama",8,Jean Renoir,Marcel Dalio,Nora Gregor
The Thin Man,"Comedy, Crime, Mystery",8,W.S. Van Dyke,William Powell,Myrna Loy
All Quiet on the Western Front,"Drama, War",8,Lewis Milestone,Lew Ayres,Louis Wolheim
Bronenosets Potemkin,"Drama, History, Thriller",8,Sergei M. Eisenstein,Aleksandr Antonov,Vladimir Barskiy
Knives Out,"Comedy, Crime, Drama",7.9,Rian Johnson,Daniel Craig,Chris Evans
Dil Bechara,"Comedy, Drama, Romance",7.9,Mukesh Chhabra,Sushant Singh Rajput,Sanjana Sanghi
Manbiki kazoku,"Crime, Drama",7.9,Hirokazu Koreeda,Lily Franky,Sakura Andô
Marriage Story,"Comedy, Drama, Romance",7.9,Noah Baumbach,Adam Driver,Scarlett Johansson
Call Me by Your Name,"Drama, Romance",7.9,Luca Guadagnino,Armie Hammer,Timothée Chalamet
"I, Daniel Blake",Drama,7.9,Ken Loach,Laura Obiols,Dave Johns
Isle of Dogs,"Animation, Adventure, Comedy",7.9,Wes Anderson,Bryan Cranston,Koyu Rankin
Hunt for the Wilderpeople,"Adventure, Comedy, Drama",7.9,Taika Waititi,Sam Neill,Julian Dennison
Captain Fantastic,"Comedy, Drama",7.9,Matt Ross,Viggo Mortensen,George MacKay
Sing Street,"Comedy, Drama, Music",7.9,John Carney,Ferdia Walsh-Peelo,Aidan Gillen
Thor: Ragnarok,"Action, Adventure, Comedy",7.9,Taika Waititi,Chris Hemsworth,Tom Hiddleston
Nightcrawler,"Crime, Drama, Thriller",7.9,Dan Gilroy,Jake Gyllenhaal,Rene Russo
Jojo Rabbit,"Comedy, Drama, War",7.9,Taika Waititi,Roman Griffin Davis,Thomasin McKenzie
Arrival,"Drama, Sci-Fi",7.9,Denis Villeneuve,Amy Adams,Jeremy Renner
Star Wars: Episode VII - The Force Awakens,"Action, Adventure, Sci-Fi",7.9,J.J. Abrams,Daisy Ridley,John Boyega
Before Midnight,"Drama, Romance",7.9,Richard Linklater,Ethan Hawke,Julie Delpy
X-Men: Days of Future Past,"Action, Adventure, Sci-Fi",7.9,Bryan Singer,Patrick Stewart,Ian McKellen
Bir Zamanlar Anadolu'da,"Crime, Drama",7.9,Nuri Bilge Ceylan,Muhammet Uzuner,Yilmaz Erdogan
The Artist,"Comedy, Drama, Romance",7.9,Michel Hazanavicius,Jean Dujardin,Bérénice Bejo
Edge of Tomorrow,"Action, Adventure, Sci-Fi",7.9,Doug Liman,Tom Cruise,Emily Blunt
Amour,"Drama, Romance",7.9,Michael Haneke,Jean-Louis Trintignant,Emmanuelle Riva
The Irishman,"Biography, Crime, Drama",7.9,Martin Scorsese,Robert De Niro,Al Pacino
Un prophète,"Crime, Drama",7.9,Jacques Audiard,Tahar Rahim,Niels Arestrup
Moon,"Drama, Mystery, Sci-Fi",7.9,Duncan Jones,Sam Rockwell,Kevin Spacey
Låt den rätte komma in,"Crime, Drama, Fantasy",7.9,Tomas Alfredson,Kåre Hedebrant,Lina Leandersson
District 9,"Action, Sci-Fi, Thriller",7.9,Neill Blomkamp,Sharlto Copley,David James
The Wrestler,"Drama, Sport",7.9,Darren Aronofsky,Mickey Rourke,Marisa Tomei
Jab We Met,"Comedy, Drama, Romance",7.9,Imtiaz Ali,Shahid Kapoor,Kareena Kapoor
Boyhood,Drama,7.9,Richard Linklater,Ellar Coltrane,Patricia Arquette
"4 luni, 3 saptamâni si 2 zile",Drama,7.9,Cristian Mungiu,Anamaria Marinca,Laura Vasiliu
Star Trek,"Action, Adventure, Sci-Fi",7.9,J.J. Abrams,Chris Pine,Zachary Quinto
In Bruges,"Comedy, Crime, Drama",7.9,Martin McDonagh,Colin Farrell,Brendan Gleeson
The Man from Earth,"Drama, Fantasy, Mystery",7.9,Richard Schenkman,David Lee Smith,Tony Todd
Letters from Iwo Jima,"Action, Adventure, Drama",7.9,Clint Eastwood,Ken Watanabe,Kazunari Ninomiya
The Fall,"Adventure, Drama, Fantasy",7.9,Tarsem Singh,Lee Pace,Catinca Untaru
Life of Pi,"Adventure, Drama, Fantasy",7.9,Ang Lee,Suraj Sharma,Irrfan Khan
Fantastic Mr. Fox,"Animation, Adventure, Comedy",7.9,Wes Anderson,George Clooney,Meryl Streep
C.R.A.Z.Y.,"Comedy, Drama",7.9,Jean-Marc Vallée,Michel Côté,Marc-André Grondin
Les choristes,"Drama, Music",7.9,Christophe Barratier,Gérard Jugnot,François Berléand
Iron Man,"Action, Adventure, Sci-Fi",7.9,Jon Favreau,Robert Downey Jr.,Gwyneth Paltrow
Shaun of the Dead,"Comedy, Horror",7.9,Edgar Wright,Simon Pegg,Nick Frost
Gegen die Wand,"Drama, Romance",7.9,Fatih Akin,Birol Ünel,Sibel Kekilli
Mystic River,"Crime, Drama, Mystery",7.9,Clint Eastwood,Sean Penn,Tim Robbins
Harry Potter and the Prisoner of Azkaban,"Adventure, Family, Fantasy",7.9,Alfonso Cuarón,Daniel Radcliffe,Emma Watson
Ying xiong,"Action, Adventure, History",7.9,Yimou Zhang,Jet Li,Tony Chiu-Wai Leung
Hable con ella,"Drama, Mystery, Romance",7.9,Pedro Almodóvar,Rosario Flores,Javier Cámara
No Man's Land,"Comedy, Drama, War",7.9,Danis Tanovic,Branko Djuric,Rene Bitorajac
Cowboy Bebop: Tengoku no tobira,"Animation, Action, Crime",7.9,Shin'ichirô Watanabe,Tensai Okamura,Hiroyuki Okiura
The Bourne Identity,"Action, Mystery, Thriller",7.9,Doug Liman,Franka Potente,Matt Damon
Nueve reinas,"Crime, Drama, Thriller",7.9,Fabián Bielinsky,Ricardo Darín,Gastón Pauls
Children of Men,"Adventure, Drama, Sci-Fi",7.9,Alfonso Cuarón,Julianne Moore,Clive Owen
Almost Famous,"Adventure, Comedy, Drama",7.9,Cameron Crowe,Billy Crudup,Patrick Fugit
Mulholland Dr.,"Drama, Mystery, Thriller",7.9,David Lynch,Naomi Watts,Laura Harring
Toy Story 2,"Animation, Adventure, Comedy",7.9,John Lasseter,Ash Brannon,Lee Unkrich
Boogie Nights,Drama,7.9,Paul Thomas Anderson,Mark Wahlberg,Julianne Moore
Mimi wo sumaseba,"Animation, Drama, Family",7.9,Yoshifumi Kondô,Yoko Honna,Issey Takahashi
Once Were Warriors,"Crime, Drama",7.9,Lee Tamahori,Rena Owen,Temuera Morrison
True Romance,"Crime, Drama, Romance",7.9,Tony Scott,Christian Slater,Patricia Arquette
Trois couleurs: Bleu,"Drama, Music, Mystery",7.9,Krzysztof Kieslowski,Juliette Binoche,Zbigniew Zamachowski
Jûbê ninpûchô,"Animation, Action, Adventure",7.9,Yoshiaki Kawajiri,Kôichi Yamadera,Emi Shinohara
Carlito's Way,"Crime, Drama, Thriller",7.9,Brian De Palma,Al Pacino,Sean Penn
Edward Scissorhands,"Drama, Fantasy, Romance",7.9,Tim Burton,Johnny Depp,Winona Ryder
My Left Foot: The Story of Christy Brown,"Biography, Drama",7.9,Jim Sheridan,Daniel Day-Lewis,Brenda Fricker
Crimes and Misdemeanors,"Comedy, Drama",7.9,Woody Allen,Martin Landau,Woody Allen
The Untouchables,"Crime, Drama, Thriller",7.9,Brian De Palma,Kevin Costner,Sean Connery
Hannah and Her Sisters,"Comedy, Drama",7.9,Woody Allen,Mia Farrow,Dianne Wiest
Brazil,"Drama, Sci-Fi",7.9,Terry Gilliam,Jonathan Pryce,Kim Greist
This Is Spinal Tap,"Comedy, Music",7.9,Rob Reiner,Rob Reiner,Michael McKean
A Christmas Story,"Comedy, Family",7.9,Bob Clark,Peter Billingsley,Melinda Dillon
The Blues Brothers,"Action, Adventure, Comedy",7.9,John Landis,John Belushi,Dan Aykroyd
Manhattan,"Comedy, Drama, Romance",7.9,Woody Allen,Woody Allen,Diane Keaton
All That Jazz,"Drama, Music, Musical",7.9,Bob Fosse,Roy Scheider,Jessica Lange
Dawn of the Dead,"Action, Adventure, Horror",7.9,George A. Romero,David Emge,Ken Foree
All the President's Men,"Biography, Drama, History",7.9,Alan J. Pakula,Dustin Hoffman,Robert Redford
La montaña sagrada,"Adventure, Drama, Fantasy",7.9,Alejandro Jodorowsky,Alejandro Jodorowsky,Horacio Salinas
Amarcord,"Comedy, Drama, Family",7.9,Federico Fellini,Magali Noël,Bruno Zanin
Le charme discret de la bourgeoisie,Comedy,7.9,Luis Buñuel,Fernando Rey,Delphine Seyrig
"Aguirre, der Zorn Gottes","Action, Adventure, Biography",7.9,Werner Herzog,Klaus Kinski,Ruy Guerra
Harold and Maude,"Comedy, Drama, Romance",7.9,Hal Ashby,Ruth Gordon,Bud Cort
Patton,"Biography, Drama, War",7.9,Franklin J. Schaffner,George C. Scott,Karl Malden
The Wild Bunch,"Action, Adventure, Western",7.9,Sam Peckinpah,William Holden,Ernest Borgnine
Night of the Living Dead,"Horror, Thriller",7.9,George A. Romero,Duane Jones,Judith O'Dea
The Lion in Winter,"Biography, Drama, History",7.9,Anthony Harvey,Peter O'Toole,Katharine Hepburn
In the Heat of the Night,"Crime, Drama, Mystery",7.9,Norman Jewison,Sidney Poitier,Rod Steiger
Charade,"Comedy, Mystery, Romance",7.9,Stanley Donen,Cary Grant,Audrey Hepburn
The Manchurian Candidate,"Drama, Thriller",7.9,John Frankenheimer,Frank Sinatra,Laurence Harvey
Spartacus,"Adventure, Biography, Drama",7.9,Stanley Kubrick,Kirk Douglas,Laurence Olivier
L'avventura,"Drama, Mystery",7.9,Michelangelo Antonioni,Gabriele Ferzetti,Monica Vitti
Hiroshima mon amour,"Drama, Romance",7.9,Alain Resnais,Emmanuelle Riva,Eiji Okada
The Ten Commandments,"Adventure, Drama",7.9,Cecil B. DeMille,Charlton Heston,Yul Brynner
The Searchers,"Adventure, Drama, Western",7.9,John Ford,John Wayne,Jeffrey Hunter
East of Eden,Drama,7.9,Elia Kazan,James Dean,Raymond Massey
High Noon,"Drama, Thriller, Western",7.9,Fred Zinnemann,Gary Cooper,Grace Kelly
Strangers on a Train,"Crime, Film-Noir, Thriller",7.9,Alfred Hitchcock,Farley Granger,Robert Walker
Harvey,"Comedy, Drama, Fantasy",7.9,Henry Koster,James Stewart,Wallace Ford
Miracle on 34th Street,"Comedy, Drama, Family",7.9,George Seaton,Edmund Gwenn,Maureen O'Hara
Notorious,"Drama, Film-Noir, Romance",7.9,Alfred Hitchcock,Cary Grant,Ingrid Bergman
The Big Sleep,"Crime, Film-Noir, Mystery",7.9,Howard Hawks,Humphrey Bogart,Lauren Bacall
The Lost Weekend,"Drama, Film-Noir",7.9,Billy Wilder,Ray Milland,Jane Wyman
The Philadelphia Story,"Comedy, Romance",7.9,George Cukor,Cary Grant,Katharine Hepburn
His Girl Friday,"Comedy, Drama, Romance",7.9,Howard Hawks,Cary Grant,Rosalind Russell
The Adventures of Robin Hood,"Action, Adventure, Romance",7.9,Michael Curtiz,William Keighley,Errol Flynn
A Night at the Opera,"Comedy, Music, Musical",7.9,Sam Wood,Edmund Goulding,Groucho Marx
King Kong,"Adventure, Horror, Sci-Fi",7.9,Merian C. Cooper,Ernest B. Schoedsack,Fay Wray
Freaks,"Drama, Horror",7.9,Tod Browning,Wallace Ford,Leila Hyams
Nosferatu,"Fantasy, Horror",7.9,F.W. Murnau,Max Schreck,Alexander Granach
The Gentlemen,"Action, Comedy, Crime",7.8,Guy Ritchie,Matthew McConaughey,Charlie Hunnam
Raazi,"Action, Drama, Thriller",7.8,Meghna Gulzar,Alia Bhatt,Vicky Kaushal
Sound of Metal,"Drama, Music",7.8,Darius Marder,Riz Ahmed,Olivia Cooke
Forushande,Drama,7.8,Asghar Farhadi,Shahab Hosseini,Taraneh Alidoosti
Dunkirk,"Action, Drama, History",7.8,Christopher Nolan,Fionn Whitehead,Barry Keoghan
Perfetti sconosciuti,"Comedy, Drama",7.8,Paolo Genovese,Giuseppe Battiston,Anna Foglietta
Hidden Figures,"Biography, Drama, History",7.8,Theodore Melfi,Taraji P. Henson,Octavia Spencer
Paddington 2,"Adventure, Comedy, Family",7.8,Paul King,Ben Whishaw,Hugh Grant
Udta Punjab,"Action, Crime, Drama",7.8,Abhishek Chaubey,Shahid Kapoor,Alia Bhatt
Kubo and the Two Strings,"Animation, Action, Adventure",7.8,Travis Knight,Charlize Theron,Art Parkinson
M.S. Dhoni: The Untold Story,"Biography, Drama, Sport",7.8,Neeraj Pandey,Sushant Singh Rajput,Kiara Advani
Manchester by the Sea,Drama,7.8,Kenneth Lonergan,Casey Affleck,Michelle Williams
Under sandet,"Drama, History, War",7.8,Martin Zandvliet,Roland Møller,Louis Hofmann
Rogue One,"Action, Adventure, Sci-Fi",7.8,Gareth Edwards,Felicity Jones,Diego Luna
Captain America: Civil War,"Action, Adventure, Sci-Fi",7.8,Anthony Russo,Joe Russo,Chris Evans
The Hateful Eight,"Crime, Drama, Mystery",7.8,Quentin Tarantino,Samuel L. Jackson,Kurt Russell
Little Women,"Drama, Romance",7.8,Greta Gerwig,Saoirse Ronan,Emma Watson
Loving Vincent,"Animation, Biography, Crime",7.8,Dorota Kobiela,Hugh Welchman,Douglas Booth
Pride,"Biography, Comedy, Drama",7.8,Matthew Warchus,Bill Nighy,Imelda Staunton
Le passé,"Drama, Mystery",7.8,Asghar Farhadi,Bérénice Bejo,Tahar Rahim
La grande bellezza,Drama,7.8,Paolo Sorrentino,Toni Servillo,Carlo Verdone
The Lunchbox,"Drama, Romance",7.8,Ritesh Batra,Irrfan Khan,Nimrat Kaur
Vicky Donor,"Comedy, Romance",7.8,Shoojit Sircar,Ayushmann Khurrana,Yami Gautam
Big Hero 6,"Animation, Action, Adventure",7.8,Don Hall,Chris Williams,Ryan Potter
About Time,"Comedy, Drama, Fantasy",7.8,Richard Curtis,Domhnall Gleeson,Rachel McAdams
English Vinglish,"Comedy, Drama, Family",7.8,Gauri Shinde,Sridevi,Adil Hussain
Kaze tachinu,"Animation, Biography, Drama",7.8,Hayao Miyazaki,Hideaki Anno,Hidetoshi Nishijima
Toy Story 4,"Animation, Adventure, Comedy",7.8,Josh Cooley,Tom Hanks,Tim Allen
La migliore offerta,"Crime, Drama, Mystery",7.8,Giuseppe Tornatore,Geoffrey Rush,Jim Sturgess
Moonrise Kingdom,"Comedy, Drama, Romance",7.8,Wes Anderson,Jared Gilman,Kara Hayward
How to Train Your Dragon 2,"Animation, Action, Adventure",7.8,Dean DeBlois,Jay Baruchel,Cate Blanchett
The Big Short,"Biography, Comedy, Drama",7.8,Adam McKay,Christian Bale,Steve Carell
Kokuhaku,"Drama, Thriller",7.8,Tetsuya Nakashima,Takako Matsu,Yoshino Kimura
Ang-ma-reul bo-at-da,"Action, Crime, Drama",7.8,Jee-woon Kim,Lee Byung-Hun,Choi Min-sik
The Girl with the Dragon Tattoo,"Crime, Drama, Mystery",7.8,David Fincher,Daniel Craig,Rooney Mara
Captain Phillips,"Adventure, Biography, Crime",7.8,Paul Greengrass,Tom Hanks,Barkhad Abdi
Ajeossi,"Action, Crime, Drama",7.8,Jeong-beom Lee,Won Bin,Sae-ron Kim
Straight Outta Compton,"Biography, Drama, History",7.8,F. Gary Gray,O'Shea Jackson Jr.,Corey Hawkins
Madeo,"Crime, Drama, Mystery",7.8,Bong Joon Ho,Hye-ja Kim,Won Bin
Chugyeokja,"Action, Crime, Thriller",7.8,Hong-jin Na,Kim Yoon-seok,Jung-woo Ha
The Hobbit: The Desolation of Smaug,"Adventure, Fantasy",7.8,Peter Jackson,Ian McKellen,Martin Freeman
Das weiße Band - Eine deutsche Kindergeschichte,"Drama, History, Mystery",7.8,Michael Haneke,Christian Friedel,Ernst Jacobi
Män som hatar kvinnor,"Crime, Drama, Mystery",7.8,Niels Arden Oplev,Michael Nyqvist,Noomi Rapace
The Trial of the Chicago 7,"Drama, History, Thriller",7.8,Aaron Sorkin,Eddie Redmayne,Alex Sharp
Druk,"Comedy, Drama",7.8,Thomas Vinterberg,Mads Mikkelsen,Thomas Bo Larsen
The Fighter,"Biography, Drama, Sport",7.8,David O. Russell,Mark Wahlberg,Christian Bale
Taken,"Action, Thriller",7.8,Pierre Morel,Liam Neeson,Maggie Grace
The Boy in the Striped Pyjamas,"Drama, History, War",7.8,Mark Herman,Asa Butterfield,David Thewlis
Once,"Drama, Music, Romance",7.8,John Carney,Glen Hansard,Markéta Irglová
The Hobbit: An Unexpected Journey,"Adventure, Fantasy",7.8,Peter Jackson,Martin Freeman,Ian McKellen
Auf der anderen Seite,Drama,7.8,Fatih Akin,Baki Davrak,Nurgül Yesilçay
Atonement,"Drama, Mystery, Romance",7.8,Joe Wright,Keira Knightley,James McAvoy
Drive,"Crime, Drama",7.8,Nicolas Winding Refn,Ryan Gosling,Carey Mulligan
American Gangster,"Biography, Crime, Drama",7.8,Ridley Scott,Denzel Washington,Russell Crowe
Avatar,"Action, Adventure, Fantasy",7.8,James Cameron,Sam Worthington,Zoe Saldana
Mr. Nobody,"Drama, Fantasy, Romance",7.8,Jaco Van Dormael,Jared Leto,Sarah Polley
Apocalypto,"Action, Adventure, Drama",7.8,Mel Gibson,Gerardo Taracena,Raoul Max Trujillo
Little Miss Sunshine,"Comedy, Drama",7.8,Jonathan Dayton,Valerie Faris,Steve Carell
Hot Fuzz,"Action, Comedy, Mystery",7.8,Edgar Wright,Simon Pegg,Nick Frost
The Curious Case of Benjamin Button,"Drama, Fantasy, Romance",7.8,David Fincher,Brad Pitt,Cate Blanchett
Veer-Zaara,"Drama, Family, Musical",7.8,Yash Chopra,Shah Rukh Khan,Preity Zinta
Adams æbler,"Comedy, Crime, Drama",7.8,Anders Thomas Jensen,Ulrich Thomsen,Mads Mikkelsen
Pride & Prejudice,"Drama, Romance",7.8,Joe Wright,Keira Knightley,Matthew Macfadyen
The World's Fastest Indian,"Biography, Drama, Sport",7.8,Roger Donaldson,Anthony Hopkins,Diane Ladd
Tôkyô goddofâzâzu,"Animation, Adventure, Comedy",7.8,Satoshi Kon,Shôgo Furuya,Tôru Emori
Serenity,"Action, Adventure, Sci-Fi",7.8,Joss Whedon,Nathan Fillion,Gina Torres
Walk the Line,"Biography, Drama, Music",7.8,James Mangold,Joaquin Phoenix,Reese Witherspoon
Ondskan,Drama,7.8,Mikael Håfström,Andreas Wilson,Henrik Lundström
The Notebook,"Drama, Romance",7.8,Nick Cassavetes,Gena Rowlands,James Garner
Diarios de motocicleta,"Adventure, Biography, Drama",7.8,Walter Salles,Gael García Bernal,Rodrigo De la Serna
Lilja 4-ever,"Crime, Drama",7.8,Lukas Moodysson,Oksana Akinshina,Artyom Bogucharskiy
Les triplettes de Belleville,"Animation, Comedy, Drama",7.8,Sylvain Chomet,Michèle Caucheteux,Jean-Claude Donda
Gongdong gyeongbi guyeok JSA,"Action, Drama, Thriller",7.8,Chan-wook Park,Lee Yeong-ae,Lee Byung-Hun
The Count of Monte Cristo,"Action, Adventure, Drama",7.8,Kevin Reynolds,Jim Caviezel,Guy Pearce
Waking Life,"Animation, Drama, Fantasy",7.8,Richard Linklater,Ethan Hawke,Trevor Jack Brooks
Remember the Titans,"Biography, Drama, Sport",7.8,Boaz Yakin,Denzel Washington,Will Patton
Wo hu cang long,"Action, Adventure, Fantasy",7.8,Ang Lee,Yun-Fat Chow,Michelle Yeoh
Todo sobre mi madre,Drama,7.8,Pedro Almodóvar,Cecilia Roth,Marisa Paredes
Cast Away,"Adventure, Drama, Romance",7.8,Robert Zemeckis,Tom Hanks,Helen Hunt
The Boondock Saints,"Action, Crime, Thriller",7.8,Troy Duffy,Willem Dafoe,Sean Patrick Flanery
The Insider,"Biography, Drama, Thriller",7.8,Michael Mann,Russell Crowe,Al Pacino
October Sky,"Biography, Drama, Family",7.8,Joe Johnston,Jake Gyllenhaal,Chris Cooper
Shrek,"Animation, Adventure, Comedy",7.8,Andrew Adamson,Vicky Jenson,Mike Myers
Titanic,"Drama, Romance",7.8,James Cameron,Leonardo DiCaprio,Kate Winslet
Hana-bi,"Crime, Drama, Romance",7.8,Takeshi Kitano,Takeshi Kitano,Kayoko Kishimoto
Gattaca,"Drama, Sci-Fi, Thriller",7.8,Andrew Niccol,Ethan Hawke,Uma Thurman
The Game,"Action, Drama, Mystery",7.8,David Fincher,Michael Douglas,Deborah Kara Unger
Breaking the Waves,Drama,7.8,Lars von Trier,Emily Watson,Stellan Skarsgård
Ed Wood,"Biography, Comedy, Drama",7.8,Tim Burton,Johnny Depp,Martin Landau
What's Eating Gilbert Grape,Drama,7.8,Lasse Hallström,Johnny Depp,Leonardo DiCaprio
Tombstone,"Action, Biography, Drama",7.8,George P. Cosmatos,Kevin Jarre,Kurt Russell
The Sandlot,"Comedy, Drama, Family",7.8,David Mickey Evans,Tom Guiry,Mike Vitar
The Remains of the Day,"Drama, Romance",7.8,James Ivory,Anthony Hopkins,Emma Thompson
Naked,"Comedy, Drama",7.8,Mike Leigh,David Thewlis,Lesley Sharp
The Fugitive,"Action, Crime, Drama",7.8,Andrew Davis,Harrison Ford,Tommy Lee Jones
A Bronx Tale,"Crime, Drama, Romance",7.8,Robert De Niro,Robert De Niro,Chazz Palminteri
Batman: Mask of the Phantasm,"Animation, Action, Crime",7.8,Kevin Altieri,Boyd Kirkland,Frank Paur
Lat sau san taam,"Action, Crime, Thriller",7.8,John Woo,Yun-Fat Chow,Tony Chiu-Wai Leung
Night on Earth,"Comedy, Drama",7.8,Jim Jarmusch,Winona Ryder,Gena Rowlands
La double vie de Véronique,"Drama, Fantasy, Music",7.8,Krzysztof Kieslowski,Irène Jacob,Wladyslaw Kowalski
Boyz n the Hood,"Crime, Drama",7.8,John Singleton,Cuba Gooding Jr.,Laurence Fishburne
Misery,"Drama, Thriller",7.8,Rob Reiner,James Caan,Kathy Bates
Awakenings,"Biography, Drama",7.8,Penny Marshall,Robert De Niro,Robin Williams
Majo no takkyûbin,"Animation, Adventure, Drama",7.8,Hayao Miyazaki,Kirsten Dunst,Minami Takayama
Glory,"Biography, Drama, History",7.8,Edward Zwick,Matthew Broderick,Denzel Washington
Dip huet seung hung,"Action, Crime, Drama",7.8,John Woo,Yun-Fat Chow,Danny Lee
Back to the Future Part II,"Adventure, Comedy, Sci-Fi",7.8,Robert Zemeckis,Michael J. Fox,Christopher Lloyd
Mississippi Burning,"Crime, Drama, History",7.8,Alan Parker,Gene Hackman,Willem Dafoe
Predator,"Action, Adventure, Sci-Fi",7.8,John McTiernan,Arnold Schwarzenegger,Carl Weathers
Evil Dead II,"Action, Comedy, Fantasy",7.8,Sam Raimi,Bruce Campbell,Sarah Berry
Ferris Bueller's Day Off,Comedy,7.8,John Hughes,Matthew Broderick,Alan Ruck
Down by Law,"Comedy, Crime, Drama",7.8,Jim Jarmusch,Tom Waits,John Lurie
The Goonies,"Adventure, Comedy, Family",7.8,Richard Donner,Sean Astin,Josh Brolin
The Color Purple,Drama,7.8,Steven Spielberg,Danny Glover,Whoopi Goldberg
The Breakfast Club,"Comedy, Drama",7.8,John Hughes,Emilio Estevez,Judd Nelson
The Killing Fields,"Biography, Drama, History",7.8,Roland Joffé,Sam Waterston,Haing S. Ngor
Ghostbusters,"Action, Comedy, Fantasy",7.8,Ivan Reitman,Bill Murray,Dan Aykroyd
The Right Stuff,"Adventure, Biography, Drama",7.8,Philip Kaufman,Sam Shepard,Scott Glenn
The King of Comedy,"Comedy, Crime, Drama",7.8,Martin Scorsese,Robert De Niro,Jerry Lewis
E.T. the Extra-Terrestrial,"Family, Sci-Fi",7.8,Steven Spielberg,Henry Thomas,Drew Barrymore
Kramer vs. Kramer,Drama,7.8,Robert Benton,Dustin Hoffman,Meryl Streep
Days of Heaven,"Drama, Romance",7.8,Terrence Malick,Richard Gere,Brooke Adams
The Outlaw Josey Wales,Western,7.8,Clint Eastwood,Clint Eastwood,Sondra Locke
The Man Who Would Be King,"Adventure, History, War",7.8,John Huston,Sean Connery,Michael Caine
The Conversation,"Drama, Mystery, Thriller",7.8,Francis Ford Coppola,Gene Hackman,John Cazale
La planète sauvage,"Animation, Sci-Fi",7.8,René Laloux,Barry Bostwick,Jennifer Drake
The Day of the Jackal,"Crime, Drama, Thriller",7.8,Fred Zinnemann,Edward Fox,Terence Alexander
Badlands,"Action, Crime, Drama",7.8,Terrence Malick,Martin Sheen,Sissy Spacek
Cabaret,"Drama, Music, Musical",7.8,Bob Fosse,Liza Minnelli,Michael York
Willy Wonka & the Chocolate Factory,"Family, Fantasy, Musical",7.8,Mel Stuart,Gene Wilder,Jack Albertson
Midnight Cowboy,Drama,7.8,John Schlesinger,Dustin Hoffman,Jon Voight
Wait Until Dark,Thriller,7.8,Terence Young,Audrey Hepburn,Alan Arkin
Guess Who's Coming to Dinner,"Comedy, Drama",7.8,Stanley Kramer,Spencer Tracy,Sidney Poitier
Bonnie and Clyde,"Action, Biography, Crime",7.8,Arthur Penn,Warren Beatty,Faye Dunaway
My Fair Lady,"Drama, Family, Musical",7.8,George Cukor,Audrey Hepburn,Rex Harrison
Mary Poppins,"Comedy, Family, Fantasy",7.8,Robert Stevenson,Julie Andrews,Dick Van Dyke
The Longest Day,"Action, Drama, History",7.8,Ken Annakin,Andrew Marton,Gerd Oswald
Jules et Jim,"Drama, Romance",7.8,François Truffaut,Jeanne Moreau,Oskar Werner
The Innocents,Horror,7.8,Jack Clayton,Deborah Kerr,Peter Wyngarde
À bout de souffle,"Crime, Drama",7.8,Jean-Luc Godard,Jean-Paul Belmondo,Jean Seberg
Red River,"Action, Adventure, Drama",7.8,Howard Hawks,Arthur Rosson,John Wayne
Key Largo,"Action, Crime, Drama",7.8,John Huston,Humphrey Bogart,Edward G. Robinson
To Have and Have Not,"Adventure, Comedy, Film-Noir",7.8,Howard Hawks,Humphrey Bogart,Lauren Bacall
Shadow of a Doubt,"Film-Noir, Thriller",7.8,Alfred Hitchcock,Teresa Wright,Joseph Cotten
Stagecoach,"Adventure, Drama, Western",7.8,John Ford,John Wayne,Claire Trevor
The Lady Vanishes,"Mystery, Thriller",7.8,Alfred Hitchcock,Margaret Lockwood,Michael Redgrave
Bringing Up Baby,"Comedy, Family, Romance",7.8,Howard Hawks,Katharine Hepburn,Cary Grant
Bride of Frankenstein,"Drama, Horror, Sci-Fi",7.8,James Whale,Boris Karloff,Elsa Lanchester
Duck Soup,"Comedy, Musical, War",7.8,Leo McCarey,Groucho Marx,Harpo Marx
Scarface: The Shame of the Nation,"Action, Crime, Drama",7.8,Howard Hawks,Richard Rosson,Paul Muni
Frankenstein,"Drama, Horror, Sci-Fi",7.8,James Whale,Colin Clive,Mae Clarke
Roma,Drama,7.7,Alfonso Cuarón,Yalitza Aparicio,Marina de Tavira
God's Own Country,"Drama, Romance",7.7,Francis Lee,Josh O'Connor,Alec Secareanu
Deadpool 2,"Action, Adventure, Comedy",7.7,David Leitch,Ryan Reynolds,Josh Brolin
Wind River,"Crime, Drama, Mystery",7.7,Taylor Sheridan,Kelsey Asbille,Jeremy Renner
Get Out,"Horror, Mystery, Thriller",7.7,Jordan Peele,Daniel Kaluuya,Allison Williams
Mission: Impossible - Fallout,"Action, Adventure, Thriller",7.7,Christopher McQuarrie,Tom Cruise,Henry Cavill
En man som heter Ove,"Comedy, Drama, Romance",7.7,Hannes Holm,Rolf Lassgård,Bahar Pars
What We Do in the Shadows,"Comedy, Horror",7.7,Jemaine Clement,Taika Waititi,Jemaine Clement
Omoide no Mânî,"Animation, Drama, Family",7.7,James Simone,Hiromasa Yonebayashi,Sara Takatsuki
The Theory of Everything,"Biography, Drama, Romance",7.7,James Marsh,Eddie Redmayne,Felicity Jones
Kingsman: The Secret Service,"Action, Adventure, Comedy",7.7,Matthew Vaughn,Colin Firth,Taron Egerton
The Fault in Our Stars,"Drama, Romance",7.7,Josh Boone,Shailene Woodley,Ansel Elgort
Me and Earl and the Dying Girl,"Comedy, Drama",7.7,Alfonso Gomez-Rejon,Thomas Mann,RJ Cyler
Birdman or (The Unexpected Virtue of Ignorance),"Comedy, Drama",7.7,Alejandro G. Iñárritu,Michael Keaton,Zach Galifianakis
La vie d'Adèle,"Drama, Romance",7.7,Abdellatif Kechiche,Léa Seydoux,Adèle Exarchopoulos
Kai po che!,"Drama, Sport",7.7,Abhishek Kapoor,Amit Sadh,Sushant Singh Rajput
The Broken Circle Breakdown,"Drama, Music, Romance",7.7,Felix van Groeningen,Veerle Baetens,Johan Heldenbergh
Captain America: The Winter Soldier,"Action, Adventure, Sci-Fi",7.7,Anthony Russo,Joe Russo,Chris Evans
Rockstar,"Drama, Music, Musical",7.7,Imtiaz Ali,Ranbir Kapoor,Nargis Fakhri
Nebraska,"Adventure, Comedy, Drama",7.7,Alexander Payne,Bruce Dern,Will Forte
Wreck-It Ralph,"Animation, Adventure, Comedy",7.7,Rich Moore,John C. Reilly,Jack McBrayer
Le Petit Prince,"Animation, Adventure, Drama",7.7,Mark Osborne,Jeff Bridges,Mackenzie Foy
Detachment,Drama,7.7,Tony Kaye,Adrien Brody,Christina Hendricks
Midnight in Paris,"Comedy, Fantasy, Romance",7.7,Woody Allen,Owen Wilson,Rachel McAdams
The Lego Movie,"Animation, Action, Adventure",7.7,Christopher Miller,Phil Lord,Chris Pratt
Gravity,"Drama, Sci-Fi, Thriller",7.7,Alfonso Cuarón,Sandra Bullock,George Clooney
Star Trek Into Darkness,"Action, Adventure, Sci-Fi",7.7,J.J. Abrams,Chris Pine,Zachary Quinto
Beasts of No Nation,"Drama, War",7.7,Cary Joji Fukunaga,Abraham Attah,Emmanuel Affadzi
The Social Network,"Biography, Drama",7.7,David Fincher,Jesse Eisenberg,Andrew Garfield
X: First Class,"Action, Adventure, Sci-Fi",7.7,Matthew Vaughn,James McAvoy,Michael Fassbender
The Hangover,Comedy,7.7,Todd Phillips,Zach Galifianakis,Bradley Cooper
Skyfall,"Action, Adventure, Thriller",7.7,Sam Mendes,Daniel Craig,Javier Bardem
Silver Linings Playbook,"Comedy, Drama, Romance",7.7,David O. Russell,Bradley Cooper,Jennifer Lawrence
Argo,"Biography, Drama, Thriller",7.7,Ben Affleck,Ben Affleck,Bryan Cranston
(500) Days of Summer,"Comedy, Drama, Romance",7.7,Marc Webb,Zooey Deschanel,Joseph Gordon-Levitt
Harry Potter and the Deathly Hallows: Part 1,"Adventure, Family, Fantasy",7.7,David Yates,Daniel Radcliffe,Emma Watson
Gake no ue no Ponyo,"Animation, Adventure, Comedy",7.7,Hayao Miyazaki,Cate Blanchett,Matt Damon
Frost/Nixon,"Biography, Drama, History",7.7,Ron Howard,Frank Langella,Michael Sheen
Papurika,"Animation, Drama, Fantasy",7.7,Satoshi Kon,Megumi Hayashibara,Tôru Emori
Changeling,"Biography, Crime, Drama",7.7,Clint Eastwood,Angelina Jolie,Colm Feore
Flipped,"Comedy, Drama, Romance",7.7,Rob Reiner,Madeline Carroll,Callan McAuliffe
Toki o kakeru shôjo,"Animation, Adventure, Comedy",7.7,Mamoru Hosoda,Riisa Naka,Takuya Ishida
Death Note: Desu nôto,"Crime, Drama, Fantasy",7.7,Shûsuke Kaneko,Tatsuya Fujiwara,Ken'ichi Matsuyama
This Is England,"Crime, Drama",7.7,Shane Meadows,Thomas Turgoose,Stephen Graham
Ex Machina,"Drama, Sci-Fi, Thriller",7.7,Alex Garland,Alicia Vikander,Domhnall Gleeson
Efter brylluppet,Drama,7.7,Susanne Bier,Mads Mikkelsen,Sidse Babett Knudsen
The Last King of Scotland,"Biography, Drama, History",7.7,Kevin Macdonald,James McAvoy,Forest Whitaker
Zodiac,"Crime, Drama, Mystery",7.7,David Fincher,Jake Gyllenhaal,Robert Downey Jr.
Lucky Number Slevin,"Action, Crime, Drama",7.7,Paul McGuigan,Josh Hartnett,Ben Kingsley
Joyeux Noël,"Drama, History, Music",7.7,Christian Carion,Diane Kruger,Benno Fürmann
Control,"Biography, Drama, Music",7.7,Anton Corbijn,Sam Riley,Samantha Morton
Tangled,"Animation, Adventure, Comedy",7.7,Nathan Greno,Byron Howard,Mandy Moore
Zwartboek,"Drama, Thriller, War",7.7,Paul Verhoeven,Carice van Houten,Sebastian Koch
Brokeback Mountain,"Drama, Romance",7.7,Ang Lee,Jake Gyllenhaal,Heath Ledger
3:10 to Yuma,"Action, Crime, Drama",7.7,James Mangold,Russell Crowe,Christian Bale
Crash,"Crime, Drama, Thriller",7.7,Paul Haggis,Don Cheadle,Sandra Bullock
Kung fu,"Action, Comedy, Fantasy",7.7,Stephen Chow,Stephen Chow,Wah Yuen
The Bourne Supremacy,"Action, Mystery, Thriller",7.7,Paul Greengrass,Matt Damon,Franka Potente
The Machinist,"Drama, Thriller",7.7,Brad Anderson,Christian Bale,Jennifer Jason Leigh
Ray,"Biography, Drama, Music",7.7,Taylor Hackford,Jamie Foxx,Regina King
Lost in Translation,"Comedy, Drama",7.7,Sofia Coppola,Bill Murray,Scarlett Johansson
Harry Potter and the Goblet of Fire,"Adventure, Family, Fantasy",7.7,Mike Newell,Daniel Radcliffe,Emma Watson
Man on Fire,"Action, Crime, Drama",7.7,Tony Scott,Denzel Washington,Christopher Walken
Coraline,"Animation, Drama, Family",7.7,Henry Selick,Dakota Fanning,Teri Hatcher
The Last Samurai,"Action, Drama",7.7,Edward Zwick,Tom Cruise,Ken Watanabe
The Magdalene Sisters,Drama,7.7,Peter Mullan,Eileen Walsh,Dorothy Duffy
Good Bye Lenin!,"Comedy, Drama, Romance",7.7,Wolfgang Becker,Daniel Brühl,Katrin Saß
In America,Drama,7.7,Jim Sheridan,Paddy Considine,Samantha Morton
I Am Sam,Drama,7.7,Jessie Nelson,Sean Penn,Michelle Pfeiffer
Adaptation.,"Comedy, Drama",7.7,Spike Jonze,Nicolas Cage,Meryl Streep
Black Hawk Down,"Drama, History, War",7.7,Ridley Scott,Josh Hartnett,Ewan McGregor
Road to Perdition,"Crime, Drama, Thriller",7.7,Sam Mendes,Tom Hanks,Tyler Hoechlin
Das Experiment,"Drama, Thriller",7.7,Oliver Hirschbiegel,Moritz Bleibtreu,Christian Berkel
Billy Elliot,"Drama, Music",7.7,Stephen Daldry,Jamie Bell,Julie Walters
Hedwig and the Angry Inch,"Comedy, Drama, Music",7.7,John Cameron Mitchell,John Cameron Mitchell,Miriam Shor
Ocean's Eleven,"Crime, Thriller",7.7,Steven Soderbergh,George Clooney,Brad Pitt
Vampire Hunter D: Bloodlust,"Animation, Action, Fantasy",7.7,Yoshiaki Kawajiri,Andrew Philpot,John Rafter Lee
"O Brother, Where Art Thou?","Adventure, Comedy, Crime",7.7,Joel Coen,Ethan Coen,George Clooney
Interstate 60: Episodes of the Road,"Adventure, Comedy, Drama",7.7,Bob Gale,James Marsden,Gary Oldman
"South Park: Bigger, Longer & Uncut","Animation, Comedy, Fantasy",7.7,Trey Parker,Trey Parker,Matt Stone
Office Space,Comedy,7.7,Mike Judge,Ron Livingston,Jennifer Aniston
Happiness,"Comedy, Drama",7.7,Todd Solondz,Jane Adams,Jon Lovitz
Training Day,"Crime, Drama, Thriller",7.7,Antoine Fuqua,Denzel Washington,Ethan Hawke
Rushmore,"Comedy, Drama, Romance",7.7,Wes Anderson,Jason Schwartzman,Bill Murray
Abre los ojos,"Drama, Mystery, Sci-Fi",7.7,Alejandro Amenábar,Eduardo Noriega,Penélope Cruz
Being John Malkovich,"Comedy, Drama, Fantasy",7.7,Spike Jonze,John Cusack,Cameron Diaz
As Good as It Gets,"Comedy, Drama, Romance",7.7,James L. Brooks,Jack Nicholson,Helen Hunt
The Fifth Element,"Action, Adventure, Sci-Fi",7.7,Luc Besson,Bruce Willis,Milla Jovovich
Le dîner de cons,Comedy,7.7,Francis Veber,Thierry Lhermitte,Jacques Villeret
Donnie Brasco,"Biography, Crime, Drama",7.7,Mike Newell,Al Pacino,Johnny Depp
Shine,"Biography, Drama, Music",7.7,Scott Hicks,Geoffrey Rush,Armin Mueller-Stahl
Primal Fear,"Crime, Drama, Mystery",7.7,Gregory Hoblit,Richard Gere,Laura Linney
Hamlet,Drama,7.7,Kenneth Branagh,Kenneth Branagh,Julie Christie
A Little Princess,"Drama, Family, Fantasy",7.7,Alfonso Cuarón,Liesel Matthews,Eleanor Bron
Do lok tin si,"Comedy, Crime, Drama",7.7,Kar-Wai Wong,Leon Lai,Michelle Reis
Il postino,"Biography, Comedy, Drama",7.7,Michael Radford,Massimo Troisi,Massimo Troisi
Clerks,Comedy,7.7,Kevin Smith,Brian O'Halloran,Jeff Anderson
Short Cuts,"Comedy, Drama",7.7,Robert Altman,Andie MacDowell,Julianne Moore
Philadelphia,Drama,7.7,Jonathan Demme,Tom Hanks,Denzel Washington
The Muppet Christmas Carol,"Comedy, Drama, Family",7.7,Brian Henson,Michael Caine,Kermit the Frog
Malcolm X,"Biography, Drama, History",7.7,Spike Lee,Denzel Washington,Angela Bassett
The Last of the Mohicans,"Action, Adventure, Drama",7.7,Michael Mann,Daniel Day-Lewis,Madeleine Stowe
Kurenai no buta,"Animation, Adventure, Comedy",7.7,Hayao Miyazaki,Shûichirô Moriyama,Tokiko Katô
Glengarry Glen Ross,"Crime, Drama, Mystery",7.7,James Foley,Al Pacino,Jack Lemmon
A Few Good Men,"Drama, Thriller",7.7,Rob Reiner,Tom Cruise,Jack Nicholson
Fried Green Tomatoes,Drama,7.7,Jon Avnet,Kathy Bates,Jessica Tandy
Barton Fink,"Comedy, Drama, Thriller",7.7,Joel Coen,Ethan Coen,John Turturro
Miller's Crossing,"Crime, Drama, Thriller",7.7,Joel Coen,Ethan Coen,Gabriel Byrne
Who Framed Roger Rabbit,"Animation, Adventure, Comedy",7.7,Robert Zemeckis,Bob Hoskins,Christopher Lloyd
Spoorloos,"Mystery, Thriller",7.7,George Sluizer,Bernard-Pierre Donnadieu,Gene Bervoets
Withnail & I,"Comedy, Drama",7.7,Bruce Robinson,Richard E. Grant,Paul McGann
The Last Emperor,"Biography, Drama, History",7.7,Bernardo Bertolucci,John Lone,Joan Chen
Empire of the Sun,"Action, Drama, History",7.7,Steven Spielberg,Christian Bale,John Malkovich
Der Name der Rose,"Crime, Drama, Mystery",7.7,Jean-Jacques Annaud,Sean Connery,Christian Slater
Blue Velvet,"Drama, Mystery, Thriller",7.7,David Lynch,Isabella Rossellini,Kyle MacLachlan
The Purple Rose of Cairo,"Comedy, Fantasy, Romance",7.7,Woody Allen,Mia Farrow,Jeff Daniels
After Hours,"Comedy, Crime, Drama",7.7,Martin Scorsese,Griffin Dunne,Rosanna Arquette
Zelig,Comedy,7.7,Woody Allen,Woody Allen,Mia Farrow
The Verdict,Drama,7.7,Sidney Lumet,Paul Newman,Charlotte Rampling
Star Trek II: The Wrath of Khan,"Action, Adventure, Sci-Fi",7.7,Nicholas Meyer,William Shatner,Leonard Nimoy
First Blood,"Action, Adventure",7.7,Ted Kotcheff,Sylvester Stallone,Brian Dennehy
Ordinary People,Drama,7.7,Robert Redford,Donald Sutherland,Mary Tyler Moore
Airplane!,Comedy,7.7,Jim Abrahams,David Zucker,Jerry Zucker
Rupan sansei: Kariosutoro no shiro,"Animation, Adventure, Family",7.7,Hayao Miyazaki,Yasuo Yamada,Eiko Masuyama
Halloween,"Horror, Thriller",7.7,John Carpenter,Donald Pleasence,Jamie Lee Curtis
Le locataire,"Drama, Thriller",7.7,Roman Polanski,Roman Polanski,Isabelle Adjani
Love and Death,"Comedy, War",7.7,Woody Allen,Woody Allen,Diane Keaton
The Taking of Pelham One Two Three,"Action, Crime, Thriller",7.7,Joseph Sargent,Walter Matthau,Robert Shaw
Blazing Saddles,"Comedy, Western",7.7,Mel Brooks,Cleavon Little,Gene Wilder
Serpico,"Biography, Crime, Drama",7.7,Sidney Lumet,Al Pacino,John Randolph
Enter the Dragon,"Action, Crime, Drama",7.7,Robert Clouse,Bruce Lee,John Saxon
Deliverance,"Adventure, Drama, Thriller",7.7,John Boorman,Jon Voight,Burt Reynolds
The French Connection,"Action, Crime, Drama",7.7,William Friedkin,Gene Hackman,Roy Scheider
Dirty Harry,"Action, Crime, Thriller",7.7,Don Siegel,Clint Eastwood,Andrew Robinson
Where Eagles Dare,"Action, Adventure, War",7.7,Brian G. Hutton,Richard Burton,Clint Eastwood
The Odd Couple,Comedy,7.7,Gene Saks,Jack Lemmon,Walter Matthau
The Dirty Dozen,"Action, Adventure, War",7.7,Robert Aldrich,Lee Marvin,Ernest Borgnine
Belle de jour,"Drama, Romance",7.7,Luis Buñuel,Catherine Deneuve,Jean Sorel
A Man for All Seasons,"Biography, Drama, History",7.7,Fred Zinnemann,Paul Scofield,Wendy Hiller
Repulsion,"Drama, Horror, Thriller",7.7,Roman Polanski,Catherine Deneuve,Ian Hendry
Zulu,"Drama, History, War",7.7,Cy Endfield,Stanley Baker,Jack Hawkins
Goldfinger,"Action, Adventure, Thriller",7.7,Guy Hamilton,Sean Connery,Gert Fröbe
The Birds,"Drama, Horror, Mystery",7.7,Alfred Hitchcock,Rod Taylor,Tippi Hedren
Cape Fear,"Drama, Thriller",7.7,J. Lee Thompson,Gregory Peck,Robert Mitchum
Peeping Tom,"Drama, Horror, Thriller",7.7,Michael Powell,Karlheinz Böhm,Anna Massey
The Magnificent Seven,"Action, Adventure, Western",7.7,John Sturges,Yul Brynner,Steve McQueen
Les yeux sans visage,"Drama, Horror",7.7,Georges Franju,Pierre Brasseur,Alida Valli
Invasion of the Body Snatchers,"Drama, Horror, Sci-Fi",7.7,Don Siegel,Kevin McCarthy,Dana Wynter
Rebel Without a Cause,Drama,7.7,Nicholas Ray,James Dean,Natalie Wood
The Ladykillers,"Comedy, Crime",7.7,Alexander Mackendrick,Alec Guinness,Peter Sellers
Sabrina,"Comedy, Drama, Romance",7.7,Billy Wilder,Humphrey Bogart,Audrey Hepburn
The Quiet Man,"Comedy, Drama, Romance",7.7,John Ford,John Wayne,Maureen O'Hara
The Day the Earth Stood Still,"Drama, Sci-Fi",7.7,Robert Wise,Michael Rennie,Patricia Neal
The African Queen,"Adventure, Drama, Romance",7.7,John Huston,Humphrey Bogart,Katharine Hepburn
Gilda,"Drama, Film-Noir, Romance",7.7,Charles Vidor,Rita Hayworth,Glenn Ford
Fantasia,"Animation, Family, Fantasy",7.7,James Algar,Samuel Armstrong,Ford Beebe Jr.
The Invisible Man,"Horror, Sci-Fi",7.7,James Whale,Claude Rains,Gloria Stuart
Dark Waters,"Biography, Drama, History",7.6,Todd Haynes,Mark Ruffalo,Anne Hathaway
Searching,"Drama, Mystery, Thriller",7.6,Aneesh Chaganty,John Cho,Debra Messing
Once Upon a Time... in Hollywood,"Comedy, Drama",7.6,Quentin Tarantino,Leonardo DiCaprio,Brad Pitt
Nelyubov,Drama,7.6,Andrey Zvyagintsev,Maryana Spivak,Aleksey Rozin
The Florida Project,Drama,7.6,Sean Baker,Brooklynn Prince,Bria Vinaite
Just Mercy,"Biography, Crime, Drama",7.6,Destin Daniel Cretton,Michael B. Jordan,Jamie Foxx
Gifted,Drama,7.6,Marc Webb,Chris Evans,Mckenna Grace
The Peanut Butter Falcon,"Adventure, Comedy, Drama",7.6,Tyler Nilson,Michael Schwartz,Zack Gottsagen
Victoria,"Crime, Drama, Romance",7.6,Sebastian Schipper,Laia Costa,Frederick Lau
Mustang,Drama,7.6,Deniz Gamze Ergüven,Günes Sensoy,Doga Zeynep Doguslu
Guardians of the Galaxy Vol. 2,"Action, Adventure, Comedy",7.6,James Gunn,Chris Pratt,Zoe Saldana
Baby Driver,"Action, Crime, Drama",7.6,Edgar Wright,Ansel Elgort,Jon Bernthal
Only the Brave,"Action, Biography, Drama",7.6,Joseph Kosinski,Josh Brolin,Miles Teller
Bridge of Spies,"Drama, History, Thriller",7.6,Steven Spielberg,Tom Hanks,Mark Rylance
Incredibles 2,"Animation, Action, Adventure",7.6,Brad Bird,Craig T. Nelson,Holly Hunter
Moana,"Animation, Adventure, Comedy",7.6,Ron Clements,John Musker,Don Hall
Sicario,"Action, Crime, Drama",7.6,Denis Villeneuve,Emily Blunt,Josh Brolin
Creed,"Drama, Sport",7.6,Ryan Coogler,Michael B. Jordan,Sylvester Stallone
Leviafan,"Crime, Drama",7.6,Andrey Zvyagintsev,Aleksey Serebryakov,Elena Lyadova
Hell or High Water,"Action, Crime, Drama",7.6,David Mackenzie,Chris Pine,Ben Foster
Philomena,"Biography, Comedy, Drama",7.6,Stephen Frears,Judi Dench,Steve Coogan
Dawn of the Planet of the Apes,"Action, Adventure, Drama",7.6,Matt Reeves,Gary Oldman,Keri Russell
El cuerpo,"Mystery, Thriller",7.6,Oriol Paulo,Jose Coronado,Hugo Silva
Serbuan maut,"Action, Thriller",7.6,Gareth Evans,Iko Uwais,Ananda George
End of Watch,"Action, Crime, Drama",7.6,David Ayer,Jake Gyllenhaal,Michael Peña
Kari-gurashi no Arietti,"Animation, Adventure, Family",7.6,Hiromasa Yonebayashi,Amy Poehler,Mirai Shida
A Star Is Born,"Drama, Music, Romance",7.6,Bradley Cooper,Lady Gaga,Bradley Cooper
True Grit,"Drama, Western",7.6,Ethan Coen,Joel Coen,Jeff Bridges
Hævnen,"Drama, Romance",7.6,Susanne Bier,Mikael Persbrandt,Trine Dyrholm
Despicable Me,"Animation, Comedy, Crime",7.6,Pierre Coffin,Chris Renaud,Steve Carell
50/50,"Comedy, Drama, Romance",7.6,Jonathan Levine,Joseph Gordon-Levitt,Seth Rogen
Kick-Ass,"Action, Comedy, Crime",7.6,Matthew Vaughn,Aaron Taylor-Johnson,Nicolas Cage
Celda 211,"Action, Adventure, Crime",7.6,Daniel Monzón,Luis Tosar,Alberto Ammann
Moneyball,"Biography, Drama, Sport",7.6,Bennett Miller,Brad Pitt,Robin Wright
La piel que habito,"Drama, Horror, Thriller",7.6,Pedro Almodóvar,Antonio Banderas,Elena Anaya
Zombieland,"Adventure, Comedy, Fantasy",7.6,Ruben Fleischer,Jesse Eisenberg,Emma Stone
Die Welle,"Drama, Thriller",7.6,Dennis Gansel,Jürgen Vogel,Frederick Lau
Sherlock Holmes,"Action, Adventure, Mystery",7.6,Guy Ritchie,Robert Downey Jr.,Jude Law
The Blind Side,"Biography, Drama, Sport",7.6,John Lee Hancock,Quinton Aaron,Sandra Bullock
The Visitor,Drama,7.6,Tom McCarthy,Richard Jenkins,Haaz Sleiman
Seven Pounds,Drama,7.6,Gabriele Muccino,Will Smith,Rosario Dawson
Eastern Promises,"Action, Crime, Drama",7.6,David Cronenberg,Naomi Watts,Viggo Mortensen
Stardust,"Adventure, Family, Fantasy",7.6,Matthew Vaughn,Charlie Cox,Claire Danes
The Secret of Kells,"Animation, Adventure, Family",7.6,Tomm Moore,Nora Twomey,Evan McGuire
Inside Man,"Crime, Drama, Mystery",7.6,Spike Lee,Denzel Washington,Clive Owen
Gone Baby Gone,"Crime, Drama, Mystery",7.6,Ben Affleck,Morgan Freeman,Ed Harris
La Vie En Rose,"Biography, Drama, Music",7.6,Olivier Dahan,Marion Cotillard,Sylvie Testud
Huo Yuan Jia,"Action, Biography, Drama",7.6,Ronny Yu,Jet Li,Li Sun
The Illusionist,"Drama, Fantasy, Mystery",7.6,Neil Burger,Edward Norton,Jessica Biel
Dead Man's Shoes,"Crime, Drama, Thriller",7.6,Shane Meadows,Paddy Considine,Gary Stretch
Harry Potter and the Half-Blood Prince,"Action, Adventure, Family",7.6,David Yates,Daniel Radcliffe,Emma Watson
300,"Action, Drama",7.6,Zack Snyder,Gerard Butler,Lena Headey
Match Point,"Drama, Romance, Thriller",7.6,Woody Allen,Scarlett Johansson,Jonathan Rhys Meyers
Watchmen,"Action, Drama, Mystery",7.6,Zack Snyder,Jackie Earle Haley,Patrick Wilson
Lord of War,"Action, Crime, Drama",7.6,Andrew Niccol,Nicolas Cage,Ethan Hawke
Saw,"Horror, Mystery, Thriller",7.6,James Wan,Cary Elwes,Leigh Whannell
"Synecdoche, New York",Drama,7.6,Charlie Kaufman,Philip Seymour Hoffman,Samantha Morton
Mysterious Skin,Drama,7.6,Gregg Araki,Brady Corbet,Joseph Gordon-Levitt
Jeux d'enfants,"Comedy, Drama, Romance",7.6,Yann Samuell,Guillaume Canet,Marion Cotillard
Un long dimanche de fiançailles,"Drama, Mystery, Romance",7.6,Jean-Pierre Jeunet,Audrey Tautou,Gaspard Ulliel
The Station Agent,"Comedy, Drama",7.6,Tom McCarthy,Peter Dinklage,Patricia Clarkson
21 Grams,"Crime, Drama, Thriller",7.6,Alejandro G. Iñárritu,Sean Penn,Benicio Del Toro
Boksuneun naui geot,"Crime, Drama, Thriller",7.6,Chan-wook Park,Kang-ho Song,Shin Ha-kyun
Finding Neverland,"Biography, Drama, Family",7.6,Marc Forster,Johnny Depp,Kate Winslet
25th Hour,Drama,7.6,Spike Lee,Edward Norton,Barry Pepper
The Butterfly Effect,"Drama, Sci-Fi, Thriller",7.6,Eric Bress,J. Mackye Gruber,Ashton Kutcher
28 Days Later...,"Drama, Horror, Sci-Fi",7.6,Danny Boyle,Cillian Murphy,Naomie Harris
Batoru rowaiaru,"Action, Adventure, Drama",7.6,Kinji Fukasaku,Tatsuya Fujiwara,Aki Maeda
The Royal Tenenbaums,"Comedy, Drama",7.6,Wes Anderson,Gene Hackman,Gwyneth Paltrow
Y tu mamá también,Drama,7.6,Alfonso Cuarón,Maribel Verdú,Gael García Bernal
Harry Potter and the Sorcerer's Stone,"Adventure, Family, Fantasy",7.6,Chris Columbus,Daniel Radcliffe,Rupert Grint
The Others,"Horror, Mystery, Thriller",7.6,Alejandro Amenábar,Nicole Kidman,Christopher Eccleston
Blow,"Biography, Crime, Drama",7.6,Ted Demme,Johnny Depp,Penélope Cruz
Enemy at the Gates,"Drama, History, War",7.6,Jean-Jacques Annaud,Jude Law,Ed Harris
Minority Report,"Action, Crime, Mystery",7.6,Steven Spielberg,Tom Cruise,Colin Farrell
The Hurricane,"Biography, Drama, Sport",7.6,Norman Jewison,Denzel Washington,Vicellous Shannon
American Psycho,"Comedy, Crime, Drama",7.6,Mary Harron,Christian Bale,Justin Theroux
Lola rennt,"Crime, Drama, Thriller",7.6,Tom Tykwer,Franka Potente,Moritz Bleibtreu
The Thin Red Line,"Drama, War",7.6,Terrence Malick,Jim Caviezel,Sean Penn
Mulan,"Animation, Adventure, Family",7.6,Tony Bancroft,Barry Cook,Ming-Na Wen
Fear and Loathing in Las Vegas,"Adventure, Comedy, Drama",7.6,Terry Gilliam,Johnny Depp,Benicio Del Toro
Funny Games,"Crime, Drama, Thriller",7.6,Michael Haneke,Susanne Lothar,Ulrich Mühe
Dark City,"Mystery, Sci-Fi, Thriller",7.6,Alex Proyas,Rufus Sewell,Kiefer Sutherland
Sleepers,"Crime, Drama, Thriller",7.6,Barry Levinson,Robert De Niro,Kevin Bacon
Lost Highway,"Mystery, Thriller",7.6,David Lynch,Bill Pullman,Patricia Arquette
Sense and Sensibility,"Drama, Romance",7.6,Ang Lee,Emma Thompson,Kate Winslet
Die Hard: With a Vengeance,"Action, Adventure, Thriller",7.6,John McTiernan,Bruce Willis,Jeremy Irons
Dead Man,"Adventure, Drama, Fantasy",7.6,Jim Jarmusch,Johnny Depp,Gary Farmer
The Bridges of Madison County,"Drama, Romance",7.6,Clint Eastwood,Clint Eastwood,Meryl Streep
Apollo 13,"Adventure, Drama, History",7.6,Ron Howard,Tom Hanks,Bill Paxton
Trois couleurs: Blanc,"Comedy, Drama, Romance",7.6,Krzysztof Kieslowski,Zbigniew Zamachowski,Julie Delpy
Falling Down,"Action, Crime, Drama",7.6,Joel Schumacher,Michael Douglas,Robert Duvall
Dazed and Confused,Comedy,7.6,Richard Linklater,Jason London,Wiley Wiggins
My Cousin Vinny,"Comedy, Crime",7.6,Jonathan Lynn,Joe Pesci,Marisa Tomei
Omohide poro poro,"Animation, Drama, Romance",7.6,Isao Takahata,Miki Imai,Toshirô Yanagiba
Delicatessen,"Comedy, Crime",7.6,Marc Caro,Jean-Pierre Jeunet,Marie-Laure Dougnac
Home Alone,"Comedy, Family",7.6,Chris Columbus,Macaulay Culkin,Joe Pesci
The Godfather: Part III,"Crime, Drama",7.6,Francis Ford Coppola,Al Pacino,Diane Keaton
When Harry Met Sally...,"Comedy, Drama, Romance",7.6,Rob Reiner,Billy Crystal,Meg Ryan
The Little Mermaid,"Animation, Family, Fantasy",7.6,Ron Clements,John Musker,Jodi Benson
The Naked Gun: From the Files of Police Squad!,"Comedy, Crime",7.6,David Zucker,Leslie Nielsen,Priscilla Presley
"Planes, Trains & Automobiles","Comedy, Drama",7.6,John Hughes,Steve Martin,John Candy
Lethal Weapon,"Action, Crime, Thriller",7.6,Richard Donner,Mel Gibson,Danny Glover
Blood Simple,"Crime, Drama, Thriller",7.6,Joel Coen,Ethan Coen,John Getz
On Golden Pond,Drama,7.6,Mark Rydell,Katharine Hepburn,Henry Fonda
Mad Max 2,"Action, Adventure, Sci-Fi",7.6,George Miller,Mel Gibson,Bruce Spence
The Warriors,"Action, Crime, Thriller",7.6,Walter Hill,Michael Beck,James Remar
The Muppet Movie,"Adventure, Comedy, Family",7.6,James Frawley,Jim Henson,Frank Oz
Escape from Alcatraz,"Action, Biography, Crime",7.6,Don Siegel,Clint Eastwood,Patrick McGoohan
Watership Down,"Animation, Adventure, Drama",7.6,Martin Rosen,John Hubley,John Hurt
Midnight Express,"Biography, Crime, Drama",7.6,Alan Parker,Brad Davis,Irene Miracle
Close Encounters of the Third Kind,"Drama, Sci-Fi",7.6,Steven Spielberg,Richard Dreyfuss,François Truffaut
The Long Goodbye,"Comedy, Crime, Drama",7.6,Robert Altman,Elliott Gould,Nina van Pallandt
Giù la testa,"Drama, War, Western",7.6,Sergio Leone,Rod Steiger,James Coburn
Kelly's Heroes,"Adventure, Comedy, War",7.6,Brian G. Hutton,Clint Eastwood,Telly Savalas
The Jungle Book,"Animation, Adventure, Family",7.6,Wolfgang Reitherman,Phil Harris,Sebastian Cabot
Blowup,"Drama, Mystery, Thriller",7.6,Michelangelo Antonioni,David Hemmings,Vanessa Redgrave
A Hard Day's Night,"Comedy, Music, Musical",7.6,Richard Lester,John Lennon,Paul McCartney
Breakfast at Tiffany's,"Comedy, Drama, Romance",7.6,Blake Edwards,Audrey Hepburn,George Peppard
Giant,"Drama, Western",7.6,George Stevens,Elizabeth Taylor,Rock Hudson
From Here to Eternity,"Drama, Romance, War",7.6,Fred Zinnemann,Burt Lancaster,Montgomery Clift
Lifeboat,"Drama, War",7.6,Alfred Hitchcock,Tallulah Bankhead,John Hodiak
The 39 Steps,"Crime, Mystery, Thriller",7.6,Alfred Hitchcock,Robert Donat,Madeleine Carroll
